,id_limpio,title,author,genre,subjects,genre_1,genre_2,genre_3
0,10255,LA PALOMA,,MUSIC / Genres & Styles,{'Songs -- Instrumental settings'},MUSIC,GENRES & STYLES,OTHERS
1,10261,LA BELLA CUBANO: HABENERA,,MUSIC / Genres & Styles,"{'Habaneras', 'Violin and piano music'}",MUSIC,GENRES & STYLES,OTHERS
2,10262,QUE PARTES EL ALMA: RUMBA SON,,MUSIC / Genres & Styles,"{'Folk songs, Spanish -- Cuba'}",MUSIC,GENRES & STYLES,OTHERS
3,12500,BUENA NUEVA DE ACUERDO A MATEO: TRADUCCIÓN DE DOMINIO PÚBLICO ABIERTA A MEJORAS,,RELIGION / Biblical Studies,{'Bible. Matthew'},RELIGION,BIBLICAL STUDIES,RELIGION
4,12501,BUENA NUEVA DE ACUERDO A MARCOS: TRADUCCIÓN DE DOMINIO PÚBLICO ABIERTA A MEJORAS,,RELIGION / Biblical Studies,{'Bible. Mark'},RELIGION,BIBLICAL STUDIES,RELIGION
5,12502,BUENA NUEVA DE ACUERDO A LUCAS: TRADUCCIÓN DE DOMINIO PÚBLICO ABIERTA A MEJORAS,,RELIGION / Biblical Studies,{'Bible. Luke'},RELIGION,BIBLICAL STUDIES,RELIGION
6,12503,BUENA NUEVA DE ACUERDO A JUAN: TRADUCCIÓN DE DOMINIO PÚBLICO ABIERTA A MEJORAS,,RELIGION / Biblical Studies,{'Bible. John'},RELIGION,BIBLICAL STUDIES,RELIGION
7,13458,"DERROTEROS Y VIAGES À LA CIUDAD ENCANTADA, Ó DE LOS CÉSARES.: QUE SE CREIA EXISTIESE EN LA CORDILLERA, AL SUD DE VALDIVIA.",,HISTORY / Expeditions & Discoveries,"{'Ciudad de los Césares (Legendary place)', 'Chile -- Description and travel', 'Argentina -- Description and travel'}",HISTORY,EXPEDITIONS & DISCOVERIES,HISTORY
8,15027,LA NOVELA PICARESCA,,FICTION / Classics,"{'Picaresque literature, Spanish', 'Spanish fiction'}",FICTION,CLASSICS,FICTION CLASSICS
9,16105,COLECCIÓN DE VIAGES Y EXPEDICIÓNES À LOS CAMPOS DE BUENOS AIRES Y A LAS COSTAS DE PATAGONIA,,HISTORY / Latin America,"{'Indians of South America -- Argentina', 'Argentina -- Discovery and exploration', 'Patagonia (Argentina and Chile)'}",HISTORY,LATIN AMERICA,HISTORY
10,18157,FUNDACIÓN DE LA CIUDAD DE BUENOS-AIRES,,HISTORY / Latin America,"{'Buenos Aires (Argentina) -- History', 'Paraguay -- History -- To 1811 -- Sources', 'Garay, Juan de, 1528?-1583', 'Argentina -- History -- 1535-1617 -- Sources', 'America -- Early accounts to 1600'}",HISTORY,LATIN AMERICA,HISTORY
11,33406,HEATH'S MODERN LANGUAGE SERIES: SPANISH SHORT STORIES,,FOREIGN LANGUAGE STUDY / Spanish,"{'Spanish language -- Readers', 'Spanish language -- Textbooks for foreign speakers -- English'}",FOREIGN LANGUAGE STUDY,SPANISH,OTHERS
12,36805,SPANISH TALES FOR BEGINNERS,,FOREIGN LANGUAGE STUDY / Spanish,{'Spanish language -- Readers'},FOREIGN LANGUAGE STUDY,SPANISH,OTHERS
13,42065,PROCESO DEL DR. JOSÉ RIZAL MERCADO Y ALONSO,,	BIOGRAPHY & AUTOBIOGRAPHY / Historical,"{'Rizal, José, 1861-1896', 'Trials (Political crimes and offenses) -- Philippines'}",BIOGRAPHY & AUTOBIOGRAPHY,HISTORICAL,BIOGRAPHY & AUTOBIOGRAPHY
14,43950,CINCUENTA Y CUATRO CANCIONES ESPAÑOLAS DEL SIGLO XVI: CANCIONERO DE UPPSALA,,	MUSIC / Genres & Styles,"{'Folk songs, Spanish', 'Villancicos (Music)', 'Ballads, Spanish'}",MUSIC,GENRES & STYLES,OTHERS
15,49914,CANCIONERO DE LOPE DE STÚÑIGA: CÓDICE DEL SIGLO XV.,,MUSIC / Genres & Styles,{'Spanish poetry -- To 1500'},MUSIC,GENRES & STYLES,OTHERS
16,50437,"COLECCIÓN DE DOCUMENTOS INÉDITOS RELATIVOS AL DESCUBRIMIENTO, CONQUISTA Y ORGANIZACIÓN DE LAS ANTIGUAS POSESIONES ESPAÑOLAS DE ULTRAMAR. TOMO 2, DE LAS ISLAS FILIPINAS, I",,HISTORY / Latin America,"{'Philippines -- Discovery and exploration -- Spanish', 'Philippines -- History -- Sources', 'Spain -- Colonies'}",HISTORY,LATIN AMERICA,HISTORY
17,53185,"COLECCIÓN DE DOCUMENTOS INÉDITOS RELATIVOS AL DESCUBRIMIENTO, CONQUISTA Y ORGANIZACIÓN DE LAS ANTIGUAS POSESIONES ESPAÑOLAS DE ULTRAMAR. TOMO 3, DE LAS ISLAS FILIPINAS, II",,HISTORY / Latin America,"{'Philippines -- Discovery and exploration -- Spanish', 'Philippines -- History -- Sources', 'Spain -- Colonies'}",HISTORY,LATIN AMERICA,HISTORY
18,53421,"DOCUMENTOS PARA LA HISTORIA DEL VIRREINATO DEL RIO DE LA PLATA, TOMO 1",,HISTORY / Latin America,{'Argentina -- History -- 1776-1810 -- Sources'},HISTORY,LATIN AMERICA,HISTORY
19,53837,ANTOLOGÍA DE PROSISTAS CASTELLANOS,,	LITERARY COLLECTIONS / Essays,{'Spanish prose literature'},LITERARY COLLECTIONS,ESSAYS,LITERARY COLLECTIONS
20,56051,"COLECCIÓN DE DOCUMENTOS INÉDITOS RELATIVOS AL DESCUBRIMIENTO, CONQUISTA Y ORGANIZACIÓN DE LAS ANTIGUAS POSESIONES ESPAÑOLAS DE ULTRAMAR. TOMO 1, ISLA DE CUBA",,HISTORY / Latin America,"{'Spain -- Colonies', 'Latin America -- History -- Sources', 'America -- Discovery and exploration -- Spanish'}",HISTORY,LATIN AMERICA,HISTORY
21,56452,"COLECCIÓN DE DOCUMENTOS INÉDITOS RELATIVOS AL DESCUBRIMIENTO, CONQUISTA Y ORGANIZACIÓN DE LAS ANTIGUAS POSESIONES ESPAÑOLAS DE ULTRAMAR. TOMO 5, DE LOS DOCUMENTOS LEGISLATIVOS, I",,HISTORY / Latin America,"{'Spain -- Colonies', 'Latin America -- History -- Sources', 'America -- Discovery and exploration -- Spanish'}",HISTORY,LATIN AMERICA,HISTORY
22,56624,"COLECCIÓN DE DOCUMENTOS INÉDITOS RELATIVOS AL DESCUBRIMIENTO, CONQUISTA Y ORGANIZACIÓN DE LAS ANTIGUAS POSESIONES ESPAÑOLAS DE ULTRAMAR. TOMO 4, DE LA ISLA DE CUBA, II",,HISTORY / Latin America,"{'Spain -- Colonies', 'Latin America -- History -- Sources', 'America -- Discovery and exploration -- Spanish'}",HISTORY,LATIN AMERICA,HISTORY
23,57388,"COLECCIÓN DE DOCUMENTOS INÉDITOS RELATIVOS AL DESCUBRIMIENTO, CONQUISTA Y ORGANIZACIÓN DE LAS ANTIGUAS POSESIONES ESPAÑOLAS DE ULTRAMAR. TOMO 6, DE LA ISLA DE CUBA, III",,HISTORY / Latin America,"{'Spain -- Colonies', 'Latin America -- History -- Sources', 'America -- Discovery and exploration -- Spanish'}",HISTORY,LATIN AMERICA,HISTORY
24,57675,"COLECCIÓN DE DOCUMENTOS INÉDITOS RELATIVOS AL DESCUBRIMIENTO, CONQUISTA Y ORGANIZACIÓN DE LAS ANTIGUAS POSESIONES ESPAÑOLAS DE ULTRAMAR. TOMO 7, DE LOS PLEITOS DE COLÓN, I",,HISTORY / Latin America,"{'Spain -- Colonies', 'Latin America -- History -- Sources', 'America -- Discovery and exploration -- Spanish'}",HISTORY,LATIN AMERICA,HISTORY
25,58077,"COLECCIÓN DE DOCUMENTOS INÉDITOS RELATIVOS AL DESCUBRIMIENTO, CONQUISTA Y ORGANIZACIÓN DE LAS ANTIGUAS POSESIONES ESPAÑOLAS DE ULTRAMAR. TOMO 8, DE LOS PLEITOS DE COLÓN, II",,HISTORY / Latin America,"{'Spain -- Colonies', 'Latin America -- History -- Sources', 'America -- Discovery and exploration -- Spanish'}",HISTORY,LATIN AMERICA,HISTORY
26,5877,"REINA VALERA NEW TESTAMENT OF THE BIBLE 1602, BOOK OF MATTHEW",,RELIGION / Biblical Studies,{'Bible. New Testament'},RELIGION,BIBLICAL STUDIES,RELIGION
27,5878,REINA VALERA NEW TESTAMENT OF THE BIBLE 1858,,RELIGION / Biblical Studies,{'Bible. New Testament'},RELIGION,BIBLICAL STUDIES,RELIGION
28,5879,REINA VALERA NEW TESTAMENT OF THE BIBLE 1862,,RELIGION / Biblical Studies,{'Bible. New Testament'},RELIGION,BIBLICAL STUDIES,RELIGION
29,5880,REINA VALERA NEW TESTAMENT OF THE BIBLE 1865,,RELIGION / Biblical Studies,{'Bible. New Testament'},RELIGION,BIBLICAL STUDIES,RELIGION
30,5881,REINA VALERA NEW TESTAMENT OF THE BIBLE 1909,,RELIGION / Biblical Studies,{'Bible. New Testament'},RELIGION,BIBLICAL STUDIES,RELIGION
31,60971,"COLECCIÓN DE DOCUMENTOS INÉDITOS RELATIVOS AL DESCUBRIMIENTO, CONQUISTA Y ORGANIZACIÓN DE LAS ANTIGUAS POSESIONES ESPAÑOLAS DE ULTRAMAR. TOMO 9, DE LOS DOCUMENTOS LEGISLATIVOS, II",,HISTORY / Latin America,"{'Spain -- Colonies', 'Latin America -- History -- Sources', 'America -- Discovery and exploration -- Spanish'}",HISTORY,LATIN AMERICA,HISTORY
32,62711,NATURALEZA DE LAS COSAS: VERSIÓN EN PROSA DEL POEMA «DE RERUM NATURA»,,PHILOSOPHY / History & Surveys,"{'Didactic poetry, Latin -- Adaptations', 'Philosophy, Ancient'}",PHILOSOPHY,HISTORY & SURVEYS,PHILOSOPHY
33,64058,FÁBULAS Y CUENTOS EN VERSO: SELECCIÓN,,POETRY / Anthologies (multiple authors),"{'Fables, Spanish'}",POETRY,ANTHOLOGIES (MULTIPLE AUTHORS),POETRY
34,65685,LIBROS DE CABALLERÍAS: SELECCIÓN,,FICTION / Literary,"{'Spanish fiction -- Classical period, 1500-1700'}",FICTION,LITERARY,FICTION LITERARY
35,65880,LAS CIEN MEJORES POESÍAS (LÍ­RICAS) DE LA LENGUA CASTELLANA,,POETRY / European,{'Spanish poetry'},POETRY,EUROPEAN,POETRY
36,66554,"COLECCIÓN DE DOCUMENTOS INÉDITOS RELATIVOS AL DESCUBRIMIENTO, CONQUISTA Y ORGANIZACIÓN DE LAS ANTIGUAS POSESIONES ESPAÑOLAS DE ULTRAMAR. TOMO 10, DE LOS DOCUMENTOS LEGISLATIVOS, III",,HISTORY / Latin America,"{'Spain -- Colonies -- Administration -- History -- Sources', 'Spain -- Colonies'}",HISTORY,LATIN AMERICA,HISTORY
37,67408,"LA VERBENA DE LA PALOMA; O, EL BOTICARIO Y LAS CHULAPAS Y CELOS MAL REPRIMIDOS",,DRAMA / European,{'Zarzuelas -- Librettos'},DRAMA,EUROPEAN,DRAMA
38,26404,LA NARIZ DE UN NOTARIO,"ABOUT, EDMOND",FICTION / Satire,{'French fiction -- Translations into Spanish'},FICTION,SATIRE,FICTION SATIRE
39,29640,GERMANA,"ABOUT, EDMOND",FICTION / Historical,{'French fiction -- Translations into Spanish'},FICTION,HISTORICAL,FICTION HISTORICAL
40,50430,HISTORIA NATURAL Y MORAL DE LAS INDIAS (VOL. 2 OF 2),"ACOSTA, JOSÉ DE",HISTORY / Americas (Pre-Columbian),"{'Natural history -- America', 'Indians of South America -- Early works to 1800', 'Acosta, José de, 1540-1600 -- Travel -- America', 'Indians of Mexico -- Early works to 1800', 'America -- Early accounts to 1600', 'America -- Description and travel'}",HISTORY,AMERICAS (PRE-COLUMBIAN),HISTORY
41,70219,HISTORIA NATURAL Y MORAL DE LAS INDIAS (VOL. 1 OF 2),"ACOSTA, JOSÉ DE",HISTORY / Americas (Pre-Columbian),"{'Natural history -- America', 'Indians of South America -- Early works to 1800', 'Acosta, José de, 1540-1600 -- Travel -- America', 'Indians of Mexico -- Early works to 1800', 'America -- Early accounts to 1600', 'America -- Description and travel'}",HISTORY,AMERICAS (PRE-COLUMBIAN),HISTORY
42,61415,MÍSTICAS; POESÍAS,"ADLER, MARÍA RAQUEL",POETRY / Religious,{'Argentine poetry'},POETRY,RELIGIOUS,POETRY
43,66023,TRAGEDIAS,AESCHYLUS,DRAMA / Ancient & Classical,"{'Mythology, Greek -- Drama', 'Aeschylus -- Translations into Spanish'}",DRAMA,ANCIENT & CLASSICAL,DRAMA
44,39947,"HISTORIA DE VENEZUELA, TOMO I","AGUADO, PEDRO DE, ACTIVE 16TH CENTURY",HISTORY / Latin America,"{'Venezuela -- History -- 1556-1810', 'Venezuela -- History -- To 1556'}",HISTORY,LATIN AMERICA,HISTORY
45,39948,"HISTORIA DE VENEZUELA, TOMO II","AGUADO, PEDRO DE, ACTIVE 16TH CENTURY",HISTORY / Latin America,"{'Venezuela -- History -- 1556-1810', 'Venezuela -- History -- To 1556'}",HISTORY,LATIN AMERICA,HISTORY
46,14307,RESEÑA VERIDICA DE LA REVOLUCIÓN FILIPINA,"AGUINALDO, EMILIO",HISTORY / Asia,"{'Philippines -- History -- Revolution, 1896-1898', 'Philippines -- History -- Philippine American War, 1899-1902'}",HISTORY,ASIA,HISTORY
47,46279,LOS MERODEADORES DE FRONTERAS,"AIMARD, GUSTAVE",FICTION / Westerns,"{'Texas -- History -- To 1846 -- Fiction', 'Western stories'}",FICTION,WESTERNS,FICTION OTHERS
48,54430,LAS NOCHES MEJICANAS,"AIMARD, GUSTAVE",FICTION / Short Stories (single author),{'French fiction -- Translations into Spanish'},FICTION,SHORT STORIES (SINGLE AUTHOR),FICTION SHORT STORIES (SINGLE AUTHOR)
49,26314,VIAJES POR ESPAÑA,"ALARCÓN, PEDRO ANTONIO DE",TRAVEL / Europe,"{'Spain -- Description and travel', 'Spain -- Social life and customs -- 19th century'}",TRAVEL,EUROPE,TRAVEL
50,29506,EL SOMBRERO DE TRES PICOS: HISTORIA VERDADERA DE UN SUCEDIDO QUE ANDA EN ROMANCES ESCRITA AHORA TAL Y COMO PASÓ,"ALARCÓN, PEDRO ANTONIO DE",FICTION / Classics,"{'Andalusia (Spain) -- Fiction', 'Husband and wife -- Fiction', 'Spanish fiction'}",FICTION,CLASSICS,FICTION CLASSICS
51,29731,EL CAPITÁN VENENO: THE HISPANIC SERIES,"ALARCÓN, PEDRO ANTONIO DE",FICTION / Historical,{'Fiction'},FICTION,HISTORICAL,FICTION HISTORICAL
52,59154,EL NIÑO DE LA BOLA: NOVELA,"ALARCÓN, PEDRO ANTONIO DE",FICTION / Coming of Age,{'Spanish fiction -- 19th century'},FICTION,COMING OF AGE,FICTION OTHERS
53,61244,COSAS QUE FUERON: CUADROS DE COSTUMBRES,"ALARCÓN, PEDRO ANTONIO DE",LITERARY COLLECTIONS / General,"{'Short stories, Spanish', 'Madrid (Spain) -- Social life and customs -- Fiction'}",LITERARY COLLECTIONS,GENERAL,LITERARY COLLECTIONS
54,67248,EL CLAVO,"ALARCÓN, PEDRO ANTONIO DE",FICTION / Short Stories (single author),"{'Detective and mystery stories', 'Spanish fiction -- 19th century'}",FICTION,SHORT STORIES (SINGLE AUTHOR),FICTION SHORT STORIES (SINGLE AUTHOR)
55,17073,LA REGENTA,"ALAS, LEOPOLDO",FICTION / Classics,"{'Married people -- Spain -- Fiction', 'Spain -- Social life and customs -- Fiction'}",FICTION,CLASSICS,FICTION CLASSICS
56,17341,SU ÚNICO HIJO,"ALAS, LEOPOLDO",FICTION / Classics,{'Fiction'},FICTION,CLASSICS,FICTION CLASSICS
57,62361,EL SEÑOR Y LOS DEMÁS SON CUENTOS,"ALAS, LEOPOLDO",FICTION / Short Stories (single author),"{'Short stories, Spanish', 'Spanish fiction -- 19th century'}",FICTION,SHORT STORIES (SINGLE AUTHOR),FICTION SHORT STORIES (SINGLE AUTHOR)
58,64589,DOCTOR SUTILIS (CUENTOS),"ALAS, LEOPOLDO",FICTION / Short Stories (single author),"{'Short stories, Spanish', 'Spanish fiction'}",FICTION,SHORT STORIES (SINGLE AUTHOR),FICTION SHORT STORIES (SINGLE AUTHOR)
59,63823,NUEVAS POESÍAS Y EVANGÉLICAS: CON UN ESTUDIO DEL DR. ALFREDO PALACIOS,ALMAFUERTE,POETRY / Religious,"{'Argentine poetry', 'Argentine literature'}",POETRY,RELIGIOUS,POETRY
60,71131,EL GÍBARO : $B CUADRO DE COSTUMBRES DE LA ISLA DE PUERTO RICO,"ALONSO, MANUEL A. (MANUEL ANTONIO)",LITERARY COLLECTIONS / Essays,{'Puerto Rico -- Social life and customs'},LITERARY COLLECTIONS,ESSAYS,LITERARY COLLECTIONS
61,10825,LA NAVIDAD EN LAS MONTAÑAS,"ALTAMIRANO, IGNACIO MANUEL",FICTION / Historical,{'Christmas stories'},FICTION,HISTORICAL,FICTION HISTORICAL
62,12274,VIAJES POR FILIPINAS: DE MANILA Á MARIANAS,"ALVAREZ GUERRA, JUAN",TRAVEL / Asia,{'Philippines -- Description and travel'},TRAVEL,ASIA,TRAVEL
63,12275,VIAJES POR FILIPINAS: DE MANILA Á ALBAY,"ALVAREZ GUERRA, JUAN",TRAVEL / Asia,{'Philippines -- Description and travel'},TRAVEL,ASIA,TRAVEL
64,12276,VIAJES POR FILIPINAS: DE MANILA Á TAYABAS,"ALVAREZ GUERRA, JUAN",TRAVEL / Asia,{'Philippines -- Description and travel'},TRAVEL,ASIA,TRAVEL
65,41106,"LA VOZ DE LA CONSEJA, T.2: SELECCIÓN DE LAS MEJORES NOVELAS BREVES Y CUENTOS DE LOS MÁS ESCLARECIDOS LITERATOS","ÁLVAREZ QUINTERO, JOAQUÍN",FICTION / Anthologies,{'Spanish fiction'},FICTION,ANTHOLOGIES,FICTION OTHERS
66,30892,DE LAS ISLAS FILIPINAS,"ALVAREZ Y TEJERO, LUIS PRUDENCIO",HISTORY / Asia,{'Philippines -- Description and travel'},HISTORY,ASIA,HISTORY
67,26947,LA TRANSFORMACIÓN DE LAS RAZAS EN AMÉRICA,"ALVAREZ, AGUSTÍN",SOCIAL SCIENCE / Anthropology,"{'Latin America -- Civilization', 'America -- Civilization'}",SOCIAL SCIENCE,ANTHROPOLOGY,SOCIAL SCIENCE
68,19543,MEMORIAS DE UN VIGILANTE,"ALVAREZ, JOSÉ S. (JOSÉ SIXTO)",LITERARY COLLECTIONS / Essays,"{'Crime -- Argentina -- Buenos Aires', 'Criminals -- Argentina -- Buenos Aires'}",LITERARY COLLECTIONS,ESSAYS,LITERARY COLLECTIONS
69,75613,CUENTOS DE FRAY MOCHO,"ALVAREZ, JOSÉ S. (JOSÉ SIXTO)",FICTION / Short Stories (single author),"{'Argentine fiction -- 19th century', 'Short stories, Argentine'}",FICTION,SHORT STORIES (SINGLE AUTHOR),FICTION SHORT STORIES (SINGLE AUTHOR)
70,29799,LOS ESPECTROS: NOVELAS BREVES,"ANDREYEV, LEONID",FICTION / Literary,"{'Fiction', 'Short stories, Russian -- Translations into Spanish'}",FICTION,LITERARY,FICTION LITERARY
71,10293,"RELACIÓN HISTORICA DE LOS SUCESOS DE LA REBELIÓN DE JOSÉ GABRIEL TUPAC-AMARU EN LAS PROVINCIAS DEL PERU, EL AÑO DE 1780",ANONYMOUS,HISTORY / Latin America,"{'Peru -- History -- Insurrection of Tupac Amaru, 1780-1781'}",HISTORY,LATIN AMERICA,HISTORY
72,19643,ACTAS CAPITULARES DESDE EL 21 HASTA EL 25 DE MAYO DE 1810 EN BUENOS AIRES,ANONYMOUS,HISTORY / Latin America,"{'Argentina -- History -- War of Independence, 1810-1817'}",HISTORY,LATIN AMERICA,HISTORY
73,20099,"HISTORIA DE LA CÉLEBRE REINA DE ESPAÑA DOÑA JUANA, LLAMADA VULGARMENTE, LA LOCA",ANONYMOUS,HISTORY / Europe,"{'Juana, la Loca, Queen of Castile, 1479-1555', 'Queens -- Spain -- Castile -- Biography'}",HISTORY,EUROPE,HISTORY
74,320,VIDA DE LAZARILLO DE TORMES Y DE SUS FORTUNAS Y ADVERSIDADES,ANONYMOUS,FICTION / Classics,"{'Spain -- Social conditions -- 16th century -- Fiction', 'Picaresque literature, Spanish', 'Spanish fiction'}",FICTION,CLASSICS,FICTION CLASSICS
75,41884,LA SITUACION DE PUERTO-RICO: LAS FALACIAS DE LOS CONSERVADORES Y LOS COMPROMISOS DEL PARTIDO RADICAL,ANONYMOUS,POLITICAL SCIENCE / Colonialism & Post-Colonialism,"{'Slavery -- Puerto Rico', 'Puerto Rico -- Politics and government -- To 1898'}",POLITICAL SCIENCE,COLONIALISM & POST-COLONIALISM,POLITICAL SCIENCE
76,43276,"ALMACEN DE RECETAS ESCOGIDAS Y PROBADAS: Ó SEA TRATADO DE JARABES, AGUAS DESTILADAS, LICORES POR DESTILACIÓN, VINOS POR IMITACIÓN Y HELADOS",ANONYMOUS,COOKING / Beverages,"{'Liquors', 'Formulas, recipes, etc.', 'Syrups', 'Ice cream, ices, etc.'}",COOKING,BEVERAGES,OTHERS
77,45770,COCINA MODERNA,ANONYMOUS,COOKING / Regional & Ethnic,{'Cooking'},COOKING,REGIONAL & ETHNIC,OTHERS
78,47287,EL LIBRO DE LAS MIL NOCHES Y UNA NOCHE; T. 1,ANONYMOUS,"FICTION / Fairy Tales, Folk Tales, Legends & Mythology","{'Arabs -- Folklore', 'Tales -- Arab countries', 'Folklore -- Arab countries', 'Fairy tales', 'Fairy tales -- Arab countries'}",FICTION,"FAIRY TALES, FOLK TALES, LEGENDS & MYTHOLOGY",FICTION OTHERS
79,47631,EL LIBRO DE LAS MIL NOCHES Y UNA NOCHE; T. 2,ANONYMOUS,"FICTION / Fairy Tales, Folk Tales, Legends & Mythology","{'Arabs -- Folklore', 'Tales -- Arab countries', 'Folklore -- Arab countries', 'Fairy tales', 'Fairy tales -- Arab countries'}",FICTION,"FAIRY TALES, FOLK TALES, LEGENDS & MYTHOLOGY",FICTION OTHERS
80,48903,EL LIBRO DE LAS MIL NOCHES Y UNA NOCHE; T. 3,ANONYMOUS,"FICTION / Fairy Tales, Folk Tales, Legends & Mythology","{'Arabs -- Folklore', 'Tales -- Arab countries', 'Folklore -- Arab countries', 'Fairy tales', 'Fairy tales -- Arab countries'}",FICTION,"FAIRY TALES, FOLK TALES, LEGENDS & MYTHOLOGY",FICTION OTHERS
81,57648,ROMANCERO SELECTO DEL CID,ANONYMOUS,POETRY / European,"{'Ballads, Spanish', 'Cid, approximately 1043-1099 -- Romances'}",POETRY,EUROPEAN,POETRY
82,74041,EL LIBRO DE LAS MIL NOCHES Y UNA NOCHE; T. 6,ANONYMOUS,"FICTION / Fairy Tales, Folk Tales, Legends & Mythology","{'Arabs -- Folklore', 'Tales -- Arab countries', 'Folklore -- Arab countries', 'Fairy tales', 'Fairy tales -- Arab countries'}",FICTION,"FAIRY TALES, FOLK TALES, LEGENDS & MYTHOLOGY",FICTION OTHERS
83,74065,EL LIBRO DE LAS MIL NOCHES Y UNA NOCHE; T. 7,ANONYMOUS,"FICTION / Fairy Tales, Folk Tales, Legends & Mythology","{'Arabs -- Folklore', 'Tales -- Arab countries', 'Folklore -- Arab countries', 'Fairy tales', 'Fairy tales -- Arab countries'}",FICTION,"FAIRY TALES, FOLK TALES, LEGENDS & MYTHOLOGY",FICTION OTHERS
84,66591,"LA METAMORFOSIS, O, EL ASNO DE ORO",APULEIUS,FICTION / Classics,"{'Latin fiction -- Translations into Spanish', 'Mythology, Classical -- Fiction', 'Metamorphosis -- Fiction'}",FICTION,CLASSICS,FICTION CLASSICS
85,71339,ESPAÑA Y LOS ESTADOS UNIDOS DE NORTE AMÉRICA : $B A PROPÓSITO DE LA GUERRA,"ARAGÓN, AGUSTÍN",HISTORY / Military,"{'Spanish-American War, 1898 -- Foreign public opinion'}",HISTORY,MILITARY,HISTORY
86,52502,LA IGUALDAD SOCIAL Y POLÍTICA Y SUS RELACIONES CON LA LIBERTAD,"ARENAL DE GARCÍA CARRASCO, CONCEPCIÓN",SOCIAL SCIENCE / Social Classes,{'Equality'},SOCIAL SCIENCE,SOCIAL CLASSES,SOCIAL SCIENCE
87,38885,"TRATADO DE PAZ, AMISTAD, COMERCIO Y NAVEGACION ENTRE LA CONFEDERACIÓN ARGENTINA Y LA REPÚBLICA DEL PARAGUAY",ARGENTINA,HISTORY / Latin America,"{'Argentina -- Foreign relations -- Paraguay -- Sources', 'Paraguay -- Foreign relations -- Argentina -- Sources'}",HISTORY,LATIN AMERICA,HISTORY
88,28967,"DIARIO DE LA EXPEDICION REDUCCIONAL DEL ANO 1780, MANDADA PRACTICAR POR ORDEN DEL VIREY DE BUENOS AIRES","ARIAS, FRANCISCO GAVINO DE",HISTORY / Latin America,"{'Gran Chaco', 'Argentina -- Discovery and exploration', 'Jesuits -- Argentina', 'Gran Chaco -- Bibliography'}",HISTORY,LATIN AMERICA,HISTORY
89,46201,"ORLANDO FURIOSO, TOMO I","ARIOSTO, LODOVICO",POETRY / European,{'Roland (Legendary character) -- Romances'},POETRY,EUROPEAN,POETRY
90,49063,"ORLANDO FURIOSO, TOMO II","ARIOSTO, LODOVICO",POETRY / European,{'Roland (Legendary character) -- Romances'},POETRY,EUROPEAN,POETRY
91,68443,"COMEDIAS, TOMO 1 DE 3 : $B LOS ACARNIENSES, LOS CABALLEROS, LAS NUBES",ARISTOPHANES,DRAMA / Ancient & Classical,"{'Athens (Greece) -- Drama', 'Greek drama (Comedy) -- Translations into Spanish', 'Aristophanes -- Translations into Spanish'}",DRAMA,ANCIENT & CLASSICAL,DRAMA
92,69799,"COMEDIAS, TOMO 2 DE 3 : $B LAS AVISPAS, LA PAZ, LAS AVES, LISÍSTRATA",ARISTOPHANES,DRAMA / Ancient & Classical,"{'Athens (Greece) -- Drama', 'Greek drama (Comedy) -- Translations into Spanish', 'Aristophanes -- Translations into Spanish'}",DRAMA,ANCIENT & CLASSICAL,DRAMA
93,70542,"COMEDIAS, TOMO 3 DE 3 : $B LAS FIESTAS DE CERES, LAS RANAS, LAS JUNTERAS, PLUTO",ARISTOPHANES,DRAMA / Ancient & Classical,"{'Athens (Greece) -- Drama', 'Greek drama (Comedy) -- Translations into Spanish', 'Aristophanes -- Translations into Spanish'}",DRAMA,ANCIENT & CLASSICAL,DRAMA
94,53947,LA SEÑORITA DE TREVELEZ: FARSA CÓMICA EN TRES ACTOS,"ARNICHES Y BARRERA, CARLOS",DRAMA / European,"{'Spanish drama', 'Comedy plays'}",DRAMA,EUROPEAN,DRAMA
95,63019,SAINETES,"ARNICHES Y BARRERA, CARLOS",DRAMA / European,"{'Burlesque (Literature)', 'Spanish drama -- 20th century', 'Sainetes', 'Spanish drama (Comedy)'}",DRAMA,EUROPEAN,DRAMA
96,67638,"LOS CACIQUES: FARSA CÓMICA DE COSTUMBRES DE POLÍTICA RURAL, DISTRIBUÍDA EN TRES ACTOS","ARNICHES Y BARRERA, CARLOS",DRAMA / European,{'Spanish drama -- 20th century'},DRAMA,EUROPEAN,DRAMA
97,67895,ES MI HOMBRE: TRAGEDIA GROTESCA EN TRES ACTOS,"ARNICHES Y BARRERA, CARLOS",DRAMA / European,{'Spanish drama -- 20th century'},DRAMA,EUROPEAN,DRAMA
98,60210,LAS FIESTAS DE SAN JUAN: RESEÑA HISTÓRICA DE LO QUE HAN SIDO Y DE LO QUE SON RELACIÓN VERÍDICA DE LAS QUE SE CELEBRAN EN ESTE AÑO DE 1868,"ASENJO Y ARTEAGA, FEDERICO",HISTORY / Europe,"{'San Juan (P.R.) -- History', 'San Juan (P.R.) -- Social life and customs', 'Festivals -- Puerto Rico -- San Juan'}",HISTORY,EUROPE,HISTORY
99,40420,LA VOZ DE ESPAÑA CONTRA TODOS SUS ENEMIGOS,"AVILÉS, JOSÉ MARÍA",HISTORY / Europe,"{'Cuban question', 'Spanish-American War, 1898', 'Spain -- Social conditions'}",HISTORY,EUROPE,HISTORY
100,19496,DIARIO DE UN RECONOCIMIENTO DE LA GUARDIA Y FORTINES,"AZARA, FÉLIX DE",HISTORY / Latin America,"{'Buenos Aires (Argentina : Province) -- Description and travel', 'Argentina -- History -- To 1810'}",HISTORY,LATIN AMERICA,HISTORY
101,28904,CORRESPONDENCIA OFICIAL E INEDITA SOBRE LA DEMARCACION DE LIMITES ENTRE EL PARAGUAY Y EL BRASIL,"AZARA, FÉLIX DE",HISTORY / Latin America,"{'Paraguay -- Boundaries -- Brazil', 'Brazil -- Boundaries -- Paraguay'}",HISTORY,LATIN AMERICA,HISTORY
102,67481,LOS VALORES LITERARIOS,AZORÍN,LITERARY COLLECTIONS / Essays,{'Spanish literature -- History and criticism'},LITERARY COLLECTIONS,ESSAYS,LITERARY COLLECTIONS
103,13608,"FILOSOFÍA FUNDAMENTAL, TOMO I","BALMES, JAIME LUCIANO",PHILOSOPHY / General,{'Philosophy'},PHILOSOPHY,GENERAL,PHILOSOPHY
104,16132,"FILOSOFÍA FUNDAMENTAL, TOMO II","BALMES, JAIME LUCIANO",PHILOSOPHY / General,{'Philosophy'},PHILOSOPHY,GENERAL,PHILOSOPHY
105,17974,"FILOSOFÍA FUNDAMENTAL, TOMO III","BALMES, JAIME LUCIANO",PHILOSOPHY / General,{'Philosophy'},PHILOSOPHY,GENERAL,PHILOSOPHY
106,28430,"FILOSOFÍA FUNDAMENTAL, TOMO IV","BALMES, JAIME LUCIANO",PHILOSOPHY / General,{'Philosophy'},PHILOSOPHY,GENERAL,PHILOSOPHY
107,28929,EL CRITERIO,"BALMES, JAIME LUCIANO",PHILOSOPHY / General,{'Philosophy'},PHILOSOPHY,GENERAL,PHILOSOPHY
108,59797,EL PROTESTANTISMO COMPARADO CON EL CATOLICISMO EN SUS RELACIONES CON LA CIVILIZACIÓN EUROPEA (VOLS 1-2),"BALMES, JAIME LUCIANO",PHILOSOPHY / General,"{'Catholic Church -- Apologetic works', 'Christian civilization', 'Catholic Church -- Doctrines -- Catholic authors', 'Protestantism', 'Europe -- Civilization'}",PHILOSOPHY,GENERAL,PHILOSOPHY
109,52595,"QUINCE MINUTOS EN GLOBO: DISPARATE CÓMICO-LÍRICO-BAILABLE EN UN ACTO, EN PROSA Y VERSO","BARBERÁ, JOAQUÍN",DRAMA / European,{'Zarzuelas -- Librettos'},DRAMA,EUROPEAN,DRAMA
110,15046,"UN PASEO POR PARIS, RETRATOS AL NATURAL","BARCIA, ROQUE",TRAVEL / Europe,"{'Paris (France) -- Social life and customs', 'Paris (France) -- Description and travel'}",TRAVEL,EUROPE,TRAVEL
111,25317,"LA ARGENTINA, O LA CONQUISTA DEL RIO DE LA PLATA. POEMA HISTÓRICO","BARCO CENTENERA, MARTÍN DEL",POETRY / Historical,"{'America -- Early accounts to 1600', 'America -- Discovery and exploration -- Spanish -- Poetry', 'Rio de la Plata Region (Argentina and Uruguay) -- History -- Poetry', 'Argentina -- History -- 1535-1617 -- Poetry'}",POETRY,HISTORICAL,POETRY
112,12848,LAS INQUIETUDES DE SHANTI ANDIA,"BAROJA, PÍO",FICTION / Classics,"{'Sea stories', 'Slave trade -- Fiction', 'Ship captains -- Fiction'}",FICTION,CLASSICS,FICTION CLASSICS
113,13264,ZALACAÍN EL AVENTURERO: (HISTORIA DE LAS BUENAS ANDANZAS Y FORTUNAS DE MARTÍN ZALACAÍN EL AVENTURERO),"BAROJA, PÍO",FICTION / Classics,"{'Spain -- History -- Carlist War, 1873-1876 -- Fiction'}",FICTION,CLASSICS,FICTION CLASSICS
114,40544,LA LUCHA POR LA VIDA: AURORA ROJA,"BAROJA, PÍO",FICTION / Classics,{'Spanish fiction -- 20th century'},FICTION,CLASSICS,FICTION CLASSICS
115,40827,"LA VOZ DE LA CONSEJA, T.1: SELECCIÓN DE LAS MEJORES NOVELAS BREVES Y CUENTOS DE LOS MÁS ESCLARECIDOS LITERATOS","BAROJA, PÍO",FICTION / Classics,{'Spanish fiction'},FICTION,CLASSICS,FICTION CLASSICS
116,43017,MALA HIERBA,"BAROJA, PÍO",FICTION / Classics,{'Spanish fiction -- 20th century'},FICTION,CLASSICS,FICTION CLASSICS
117,43033,LA LUCHA POR LA VIDA: MALA HIERBA,"BAROJA, PÍO",FICTION / Classics,{'Spanish fiction -- 20th century'},FICTION,CLASSICS,FICTION CLASSICS
118,43432,LA LUCHA POR LA VIDA: LA BUSCA,"BAROJA, PÍO",FICTION / Classics,{'Spanish fiction -- 20th century'},FICTION,CLASSICS,FICTION CLASSICS
119,47057,LAS INQUIETUDES DE SHANTI ANDÍA,"BAROJA, PÍO",FICTION / Classics,"{'Sea stories', 'Slave trade -- Fiction', 'Ship captains -- Fiction'}",FICTION,CLASSICS,FICTION CLASSICS
120,47103,EL APRENDIZ DE CONSPIRADOR,"BAROJA, PÍO",FICTION / Classics,"{'Aviraneta e Ibargoyen, Eugenio de, 1792-1872 -- Fiction'}",FICTION,CLASSICS,FICTION CLASSICS
121,48783,EL ESCUADRÓN DEL BRIGANTE,"BAROJA, PÍO",FICTION / Classics,"{'Aviraneta e Ibargoyen, Eugenio de, 1792-1872 -- Fiction', 'Spain -- History -- Napoleonic Conquest, 1808-1813 -- Fiction'}",FICTION,CLASSICS,FICTION CLASSICS
122,49280,LOS CAMINOS DEL MUNDO,"BAROJA, PÍO",FICTION / Classics,"{'Aviraneta e Ibargoyen, Eugenio de, 1792-1872 -- Fiction'}",FICTION,CLASSICS,FICTION CLASSICS
123,49470,CON LA PLUMA Y CON EL SABLE: CRÓNICA DE 1820 A 1823,"BAROJA, PÍO",FICTION / Classics,"{'Aviraneta e Ibargoyen, Eugenio de, 1792-1872 -- Fiction'}",FICTION,CLASSICS,FICTION CLASSICS
124,50126,LOS RECURSOS DE LA ASTUCIA,"BAROJA, PÍO",FICTION / Classics,"{'Aviraneta e Ibargoyen, Eugenio de, 1792-1872 -- Fiction'}",FICTION,CLASSICS,FICTION CLASSICS
125,50726,LA RUTA DEL AVENTURERO,"BAROJA, PÍO",FICTION / Classics,"{'Aviraneta e Ibargoyen, Eugenio de, 1792-1872 -- Fiction'}",FICTION,CLASSICS,FICTION CLASSICS
126,51858,LOS CONTRASTES DE LA VIDA,"BAROJA, PÍO",FICTION / Classics,"{'Aviraneta e Ibargoyen, Eugenio de, 1792-1872 -- Fiction'}",FICTION,CLASSICS,FICTION CLASSICS
127,53003,LA VELETA DE GASTIZAR,"BAROJA, PÍO",FICTION / Classics,"{'Aviraneta e Ibargoyen, Eugenio de, 1792-1872 -- Fiction'}",FICTION,CLASSICS,FICTION CLASSICS
128,53517,LOS CAUDILLOS DE 1830,"BAROJA, PÍO",FICTION / Classics,"{'Aviraneta e Ibargoyen, Eugenio de, 1792-1872 -- Fiction', 'Spain -- History -- Ferdinand VII, 1813-1833 -- Fiction'}",FICTION,CLASSICS,FICTION CLASSICS
129,54120,LA ISABELINA,"BAROJA, PÍO",FICTION / Classics,"{'Aviraneta e Ibargoyen, Eugenio de, 1792-1872 -- Fiction'}",FICTION,CLASSICS,FICTION CLASSICS
130,54285,EL SABOR DE LA VENGANZA,"BAROJA, PÍO",FICTION / Classics,"{'Aviraneta e Ibargoyen, Eugenio de, 1792-1872 -- Fiction'}",FICTION,CLASSICS,FICTION CLASSICS
131,55157,LAS FURIAS,"BAROJA, PÍO",FICTION / Classics,"{'Aviraneta e Ibargoyen, Eugenio de, 1792-1872 -- Fiction'}",FICTION,CLASSICS,FICTION CLASSICS
132,58298,"LA DAMA ERRANTE: LA RAZA, TOMO I","BAROJA, PÍO",FICTION / Classics,{'Spanish fiction -- 20th century'},FICTION,CLASSICS,FICTION CLASSICS
133,60464,EL ÁRBOL DE LA CIENCIA: NOVELA,"BAROJA, PÍO",FICTION / Literary,"{'Spain -- Fiction', 'Spanish fiction -- 20th century', 'Madrid (Spain) -- Fiction', 'Medical students -- Fiction', 'Physicians -- Fiction'}",FICTION,LITERARY,FICTION LITERARY
134,61189,"EL AMOR, EL DANDYSMO Y LA INTRIGA","BAROJA, PÍO",FICTION / Classics,"{'Aviraneta e Ibargoyen, Eugenio de, 1792-1872 -- Fiction'}",FICTION,CLASSICS,FICTION CLASSICS
135,63680,LAS FIGURAS DE CERA: NOVELA,"BAROJA, PÍO",FICTION / Classics,"{'Aviraneta e Ibargoyen, Eugenio de, 1792-1872 -- Fiction'}",FICTION,CLASSICS,FICTION CLASSICS
136,74566,LA NAVE DE LOS LOCOS : $B NOVELA,"BAROJA, PÍO",FICTION / Classics,"{'Spain -- History -- Carlist War, 1833-1840 -- Fiction', 'Aviraneta e Ibargoyen, Eugenio de, 1792-1872 -- Fiction'}",FICTION,CLASSICS,FICTION CLASSICS
137,25687,TRES COMEDIAS MODERNAS: EN UN ACTO Y EN PROSA,"BARRANCO, MARIANO",DRAMA / European,"{'Spanish drama', 'Comedy plays'}",DRAMA,EUROPEAN,DRAMA
138,74604,COMPENDIO DEL VIAJE DEL JOVEN ANACARSIS A LA GRECIA (1 DE 2),"BARTHÉLEMY, J.-J. (JEAN-JACQUES)",FICTION / Historical,{'Greece -- Description and travel -- Early works to 1800'},FICTION,HISTORICAL,FICTION HISTORICAL
139,74605,COMPENDIO DEL VIAJE DEL JOVEN ANACARSIS A LA GRECIA (2 DE 2),"BARTHÉLEMY, J.-J. (JEAN-JACQUES)",FICTION / Historical,{'Greece -- Description and travel -- Early works to 1800'},FICTION,HISTORICAL,FICTION HISTORICAL
140,45250,"LOS INDIOS, SU HISTORIA Y SU CIVILIZACIÓN","BATRES JÁUREGUI, ANTONIO",HISTORY / Latin America,"{'Indians of Central America -- Guatemala', 'Indians'}",HISTORY,LATIN AMERICA,HISTORY
141,53552,OBRAS ESCOGIDAS,"BÉCQUER, GUSTAVO ADOLFO",LITERARY COLLECTIONS / General,{'Spanish literature -- 19th century'},LITERARY COLLECTIONS,GENERAL,LITERARY COLLECTIONS
142,28106,HEATH'S MODERN LANGUAGE SERIES: TRES COMEDIAS: SIN QUERER; DE PEQUENAS CAUSAS...; LOS INTERESES CREADOS,"BENAVENTE, JACINTO",DRAMA / European,"{'Spanish drama', 'Comedy plays'}",DRAMA,EUROPEAN,DRAMA
143,54283,"DE SOBREMESA; CRÓNICAS, PRIMERA PARTE (DE 5)","BENAVENTE, JACINTO",LITERARY COLLECTIONS / Essays,{'Spanish fiction -- 20th century'},LITERARY COLLECTIONS,ESSAYS,LITERARY COLLECTIONS
144,55038,"DE SOBREMESA; CRÓNICAS, SEGUNDA PARTE (DE 5)","BENAVENTE, JACINTO",LITERARY COLLECTIONS / Essays,{'Spanish fiction -- 20th century'},LITERARY COLLECTIONS,ESSAYS,LITERARY COLLECTIONS
145,56770,"DE SOBREMESA; CRÓNICAS, TERCERA PARTE (DE 5)","BENAVENTE, JACINTO",LITERARY COLLECTIONS / Essays,{'Spanish fiction -- 20th century'},LITERARY COLLECTIONS,ESSAYS,LITERARY COLLECTIONS
146,58484,"DE SOBREMESA; CRÓNICAS, CUARTA PARTE (DE 5)","BENAVENTE, JACINTO",LITERARY COLLECTIONS / Essays,{'Spanish fiction -- 20th century'},LITERARY COLLECTIONS,ESSAYS,LITERARY COLLECTIONS
147,58545,"DE SOBREMESA; CRÓNICAS, QUINTA PARTE (DE 5)","BENAVENTE, JACINTO",LITERARY COLLECTIONS / Essays,{'Spanish fiction -- 20th century'},LITERARY COLLECTIONS,ESSAYS,LITERARY COLLECTIONS
148,67726,SEÑORA AMA: COMEDIA EN TRES ACTOS,"BENAVENTE, JACINTO",DRAMA / European,"{'Husband and wife -- Drama', 'Jealousy -- Drama', 'Spanish drama -- 20th century'}",DRAMA,EUROPEAN,DRAMA
149,65034,VELÁZQUEZ EN EL MUSEO DEL PRADO,"BERUETE Y MORET, A. DE (AURELIANO)",ART / History,"{'Velázquez, Diego, 1599-1660'}",ART,HISTORY,OTHERS
150,25705,"SUMA Y NARRACION DE LOS INCAS, QUE LOS INDIOS LLAMARON CAPACCUNA, QUE FUERON SEÑORES DE LA CIUDAD DEL CUZCO Y DE TODO LO Á ELLA SUBJETO","BETANZOS, JUAN DE",HISTORY / Latin America,"{'Betanzos, Juan de, -1576', 'Peru -- History -- Conquest, 1522-1548', 'Incas -- History', 'Indians of South America -- Andes Region -- History'}",HISTORY,LATIN AMERICA,HISTORY
151,41842,"EL ACEITE DE OLIVAS : $B SU EXTRACCIÓN, CLARIFICACIÓN, DEPURACIÓN, CONSERVACIÓN Y ENVASES PARA SU EXPORTACIÓN, DECOLORACIÓN Y MEDIOS PROPUESTOS PARA QUITARLE LA RANCIDEZ","BIZZARRI, ALESSANDRO",TECHNOLOGY & ENGINEERING / Food Science,{'Olive oil'},TECHNOLOGY & ENGINEERING,FOOD SCIENCE,OTHERS
152,60376,CUENTOS DE POETA,"BLANCO-FOMBONA, RUFINO",FICTION / Short Stories (single author),"{'Short stories, Venezuelan', 'Venezuelan fiction'}",FICTION,SHORT STORIES (SINGLE AUTHOR),FICTION SHORT STORIES (SINGLE AUTHOR)
153,10822,EL PARAISO DE LAS MUJERES: NOVELA,"BLASCO IBÁÑEZ, VICENTE",FICTION / Literary,"{'Spanish fiction -- 20th century', 'Women -- Fiction', 'Engineers -- Fiction'}",FICTION,LITERARY,FICTION LITERARY
154,13519,LA TIERRA DE TODOS,"BLASCO IBÁÑEZ, VICENTE",FICTION / Historical / General,"{'Man-woman relationships -- Fiction', 'Patagonia (Argentina and Chile) -- Fiction', 'Aristocracy (Social class) -- Fiction', 'Spanish fiction'}",FICTION,HISTORICAL,FICTION HISTORICAL
155,14308,EL PRÉSTAMO DE LA DIFUNTA,"BLASCO IBÁÑEZ, VICENTE",FICTION / Literary,{'Fiction'},FICTION,LITERARY,FICTION LITERARY
156,14944,LA BARRACA,"BLASCO IBÁÑEZ, VICENTE",FICTION / Literary,"{'Valencia (Spain : Province) -- Fiction', 'Tenant farmers -- Fiction', 'Absentee landlordism -- Fiction'}",FICTION,LITERARY,FICTION LITERARY
157,16413,ARROZ Y TARTANA,"BLASCO IBÁÑEZ, VICENTE",FICTION / Literary,{'Spanish fiction'},FICTION,LITERARY,FICTION LITERARY
158,16670,LA CATEDRAL,"BLASCO IBÁÑEZ, VICENTE",FICTION / Literary,"{'Catedral de Toledo -- Fiction', 'Toledo (Spain) -- Fiction'}",FICTION,LITERARY,FICTION LITERARY
159,21651,LOS MUERTOS MANDAN,"BLASCO IBÁÑEZ, VICENTE",FICTION / Literary,"{'Majorca (Spain) -- Fiction', 'Spanish fiction'}",FICTION,LITERARY,FICTION LITERARY
160,23236,MARE NOSTRUM,"BLASCO IBÁÑEZ, VICENTE",FICTION / Historical,{'Spanish fiction'},FICTION,HISTORICAL,FICTION HISTORICAL
161,24466,EL INTRUSO,"BLASCO IBÁÑEZ, VICENTE",FICTION / Literary,"{'Labor -- Spain -- Vizcaya -- History -- Fiction', 'Socialism -- Spain -- País Vasco -- History -- Fiction', 'Nationalism -- Spain -- País Vasco -- History -- Fiction'}",FICTION,LITERARY,FICTION LITERARY
162,24536,LOS CUATRO JINETES DEL APOCALIPSIS,"BLASCO IBÁÑEZ, VICENTE",FICTION / Literary,"{'World War, 1914-1918 -- Fiction', 'War stories', 'Spanish fiction'}",FICTION,LITERARY,FICTION LITERARY
163,25640,LOS ARGONAUTAS,"BLASCO IBÁÑEZ, VICENTE",FICTION / Literary,{'Spanish fiction'},FICTION,LITERARY,FICTION LITERARY
164,26983,SANGRE Y ARENA,"BLASCO IBÁÑEZ, VICENTE",FICTION / Literary,{'Bullfighters -- Fiction'},FICTION,LITERARY,FICTION LITERARY
165,27736,LA CONDENADA (CUENTOS),"BLASCO IBÁÑEZ, VICENTE",FICTION / Short Stories (single author),"{'Short stories, Spanish', 'Spanish fiction'}",FICTION,SHORT STORIES (SINGLE AUTHOR),FICTION SHORT STORIES (SINGLE AUTHOR)
166,28927,LA BODEGA,"BLASCO IBÁÑEZ, VICENTE",FICTION / Literary,"{'Jerez de la Frontera (Spain) -- History -- Fiction', 'Peasant uprisings -- Spain -- Jerez de la Frontera -- History -- Fiction'}",FICTION,LITERARY,FICTION LITERARY
167,30122,ENTRE NARANJOS,"BLASCO IBÁÑEZ, VICENTE",FICTION / Literary,{'Spanish fiction'},FICTION,LITERARY,FICTION LITERARY
168,33474,LA HORDA,"BLASCO IBÁÑEZ, VICENTE",FICTION / Literary,"{'Man-woman relationships -- Fiction', 'Authors -- Fiction', 'Poverty -- Fiction', 'Madrid (Spain) -- Fiction'}",FICTION,LITERARY,FICTION LITERARY
169,37139,LOS ENEMIGOS DE LA MUJER,"BLASCO IBÁÑEZ, VICENTE",FICTION / Literary,{'Spanish fiction'},FICTION,LITERARY,FICTION LITERARY
170,40182,ORIENTE,"BLASCO IBÁÑEZ, VICENTE",TRAVEL / Asia,"{'Europe -- Description and travel', 'Istanbul (Turkey) -- Description and travel', 'Blasco Ibáñez, Vicente, 1867-1928 -- Travel -- Europe'}",TRAVEL,ASIA,TRAVEL
171,41746,FLOR DE MAYO,"BLASCO IBÁÑEZ, VICENTE",FICTION / Literary,{'Spanish fiction'},FICTION,LITERARY,FICTION LITERARY
172,43030,LA MAJA DESNUDA,"BLASCO IBÁÑEZ, VICENTE",FICTION / Literary,"{'Painters -- Fiction', 'Husband and wife -- Fiction', 'Widowers -- Fiction', 'Madrid (Spain) -- Fiction', 'Man-woman relationships -- Fiction'}",FICTION,LITERARY,FICTION LITERARY
173,45829,"LA ARAÑA NEGRA, T. 1/9","BLASCO IBÁÑEZ, VICENTE",FICTION / Literary,"{'Historical fiction', 'Jesuits -- Spain -- History -- 19th century -- Fiction', 'Spanish fiction -- 19th century'}",FICTION,LITERARY,FICTION LITERARY
174,45830,"LA ARAÑA NEGRA, T. 2/9","BLASCO IBÁÑEZ, VICENTE",FICTION / Literary,"{'Historical fiction', 'Jesuits -- Spain -- History -- 19th century -- Fiction', 'Spanish fiction -- 19th century'}",FICTION,LITERARY,FICTION LITERARY
175,45831,"LA ARAÑA NEGRA, T. 3/9","BLASCO IBÁÑEZ, VICENTE",FICTION / Literary,"{'Historical fiction', 'Jesuits -- Spain -- History -- 19th century -- Fiction', 'Spanish fiction -- 19th century'}",FICTION,LITERARY,FICTION LITERARY
176,45832,"LA ARAÑA NEGRA, T. 4/9","BLASCO IBÁÑEZ, VICENTE",FICTION / Literary,"{'Historical fiction', 'Jesuits -- Spain -- History -- 19th century -- Fiction', 'Spanish fiction -- 19th century'}",FICTION,LITERARY,FICTION LITERARY
177,45833,"LA ARAÑA NEGRA, T. 5/9","BLASCO IBÁÑEZ, VICENTE",FICTION / Literary,"{'Historical fiction', 'Jesuits -- Spain -- History -- 19th century -- Fiction', 'Spanish fiction -- 19th century'}",FICTION,LITERARY,FICTION LITERARY
178,45834,"LA ARAÑA NEGRA, T. 6/9","BLASCO IBÁÑEZ, VICENTE",FICTION / Literary,"{'Historical fiction', 'Jesuits -- Spain -- History -- 19th century -- Fiction', 'Spanish fiction -- 19th century'}",FICTION,LITERARY,FICTION LITERARY
179,45835,"LA ARAÑA NEGRA, T. 7/9","BLASCO IBÁÑEZ, VICENTE",FICTION / Literary,"{'Historical fiction', 'Jesuits -- Spain -- History -- 19th century -- Fiction', 'Spanish fiction -- 19th century'}",FICTION,LITERARY,FICTION LITERARY
180,45836,"LA ARAÑA NEGRA, T. 8/9","BLASCO IBÁÑEZ, VICENTE",FICTION / Literary,"{'Historical fiction', 'Jesuits -- Spain -- History -- 19th century -- Fiction', 'Spanish fiction -- 19th century'}",FICTION,LITERARY,FICTION LITERARY
181,45837,"LA ARAÑA NEGRA, T. 9/9","BLASCO IBÁÑEZ, VICENTE",FICTION / Literary,"{'Historical fiction', 'Jesuits -- Spain -- History -- 19th century -- Fiction', 'Spanish fiction -- 19th century'}",FICTION,LITERARY,FICTION LITERARY
182,57781,CAÑAS Y BARRO: NOVELA,"BLASCO IBÁÑEZ, VICENTE",FICTION / Literary,{'Spanish fiction -- 20th century'},FICTION,LITERARY,FICTION LITERARY
183,61438,SÓNNICA LA CORTESANA: NOVELA,"BLASCO IBÁÑEZ, VICENTE",FICTION / Historical,"{'Sagunto (Spain) -- History -- Siege, 219-218 B.C. -- Fiction'}",FICTION,HISTORICAL,FICTION HISTORICAL
184,62850,LA REINA CALAFIA (NOVELA),"BLASCO IBÁÑEZ, VICENTE",FICTION / Historical,{'Spanish fiction -- 20th century'},FICTION,HISTORICAL,FICTION HISTORICAL
185,63810,LA VUELTA AL MUNDO DE UN NOVELISTA; VOL. 1/3,"BLASCO IBÁÑEZ, VICENTE",TRAVEL / Essays & Travelogues,{'Voyages around the world'},TRAVEL,ESSAYS & TRAVELOGUES,TRAVEL
186,63816,LA VUELTA AL MUNDO DE UN NOVELISTA; VOL. 2/3,"BLASCO IBÁÑEZ, VICENTE",TRAVEL / Essays & Travelogues,{'Voyages around the world'},TRAVEL,ESSAYS & TRAVELOGUES,TRAVEL
187,65719,LA FAMILIA DE DOCTOR PEDRAZA,"BLASCO IBÁÑEZ, VICENTE",TRAVEL / Essays & Travelogues,{'Spanish fiction -- 20th century'},TRAVEL,ESSAYS & TRAVELOGUES,TRAVEL
188,66514,CUENTOS VALENCIANOS,"BLASCO IBÁÑEZ, VICENTE",FICTION / Literary,"{'Short stories, Spanish', 'Spanish fiction -- 20th century', 'Valencia (Spain) -- Social life and customs -- Fiction'}",FICTION,LITERARY,FICTION LITERARY
189,67137,NOVELAS DE LA COSTA AZUL,"BLASCO IBÁÑEZ, VICENTE",FICTION / Short Stories (single author),{'Spanish fiction -- 20th century'},FICTION,SHORT STORIES (SINGLE AUTHOR),FICTION SHORT STORIES (SINGLE AUTHOR)
190,67843,EL PAPA DEL MAR,"BLASCO IBÁÑEZ, VICENTE",FICTION / Literary,"{'Rome (Italy) -- History -- Fiction', 'Catholic Church -- History -- Fiction', 'Benedict XIII, Antipope, 1342-1423? -- Fiction'}",FICTION,LITERARY,FICTION LITERARY
191,67917,LA VUELTA AL MUNDO DE UN NOVELISTA; VOL. 3/3,"BLASCO IBÁÑEZ, VICENTE",FICTION / Literary,{'Voyages around the world'},FICTION,LITERARY,FICTION LITERARY
192,27167,HISTORIA DE TERUEL,"BLASCO, COSME",HISTORY / Europe,{'Teruel (Spain)'},HISTORY,EUROPE,HISTORY
193,73799,"FERNANDO IV DE CASTILLA, O, DOS MUERTES A UN TIEMPO : $B NOVELA HISTÓRICA DEL SIGLO XIV","BOLANGERO, VÍCTOR ÁFRICA",FICTION / Historical,"{'Ferdinand IV, King of Castile and León, 1285-1312 -- Fiction', 'Historical fiction'}",FICTION,HISTORICAL,FICTION HISTORICAL
194,51019,"LA BIBLIA EN ESPAÑA, TOMO I (DE 3): O VIAJES, AVENTURAS Y PRISIONES DE UN INGLÉS EN SU INTENTO DE DIFUNDIR LAS ESCRITURAS POR LA PENÍNSULA","BORROW, GEORGE",TRAVEL / Essays & Travelogues,"{'Borrow, George, 1803-1881 -- Travel -- Spain', 'Spain -- Description and travel', 'Spain -- History -- 19th century'}",TRAVEL,ESSAYS & TRAVELOGUES,TRAVEL
195,51020,"LA BIBLIA EN ESPAÑA, TOMO II (DE 3): O VIAJES, AVENTURAS Y PRISIONES DE UN INGLÉS EN SU INTENTO DE DIFUNDIR LAS ESCRITURAS POR LA PENÍNSULA","BORROW, GEORGE",TRAVEL / Essays & Travelogues,"{'Borrow, George, 1803-1881 -- Travel -- Spain', 'Spain -- Description and travel', 'Spain -- History -- 19th century'}",TRAVEL,ESSAYS & TRAVELOGUES,TRAVEL
196,51689,"LA BIBLIA EN ESPAÑA, TOMO III (DE 3): O VIAJES, AVENTURAS Y PRISIONES DE UN INGLÉS EN SU INTENTO DE DIFUNDIR LAS ESCRITURAS POR LA PENÍNSULA","BORROW, GEORGE",TRAVEL / Essays & Travelogues,"{'Borrow, George, 1803-1881 -- Travel -- Spain', 'Spain -- Description and travel', 'Spain -- History -- 19th century'}",TRAVEL,ESSAYS & TRAVELOGUES,TRAVEL
197,41853,RAFAEL CORDERO: ELOGIO PÓSTUMO,"BRAU, SALVADOR","BIOGRAPHY & AUTOBIOGRAPHY / Cultural, Ethnic & Regional","{'Teachers -- Puerto Rico -- Biography', 'Cordero, Rafael, 1790-1868'}",BIOGRAPHY & AUTOBIOGRAPHY,"CULTURAL, ETHNIC & REGIONAL",BIOGRAPHY & AUTOBIOGRAPHY
198,42321,LO QUE DICE LA HISTORIA: CARTAS AL SEÑOR MINISTRO DE ULTRAMAR,"BRAU, SALVADOR",POLITICAL SCIENCE / Colonialism & Post-Colonialism,"{'Puerto Rico -- History', 'Puerto Rico -- Politics and government -- To 1898'}",POLITICAL SCIENCE,COLONIALISM & POST-COLONIALISM,POLITICAL SCIENCE
199,38124,SPANISH COMPOSITION,"BROOMHALL, EDITH J. (EDITH JANE)",FOREIGN LANGUAGE STUDY / Spanish,"{'Spanish language -- Grammar', 'Spanish language -- Composition and exercises'}",FOREIGN LANGUAGE STUDY,SPANISH,OTHERS
200,26771,THESPIS (NOVELAS CORTAS Y CUENTOS),"BUNGE, CARLOS O. (CARLOS OCTAVIO)",FICTION / Short Stories (single author),"{'Fiction', 'Short stories'}",FICTION,SHORT STORIES (SINGLE AUTHOR),FICTION SHORT STORIES (SINGLE AUTHOR)
201,10821,MANFREDO: DRAMA EN TRES ACTOS,"BYRON, GEORGE GORDON BYRON, BARON",DRAMA / European,{'Drama'},DRAMA,EUROPEAN,DRAMA
202,23600,LA GAVIOTA,"CABALLERO, FERNÁN",FICTION / Literary,"{'Women -- Spain -- Fiction', 'Spanish fiction -- 19th century'}",FICTION,LITERARY,FICTION LITERARY
203,60284,CLEMENCIA: NOVELA DE COSTUMBRES,"CABALLERO, FERNÁN",FICTION / Literary,"{'Women -- Spain -- Fiction', 'Spain -- Social life and customs -- 19th century -- Fiction', 'Spain -- Social conditions -- 19th century -- Fiction', 'Historical fiction, Spanish'}",FICTION,LITERARY,FICTION LITERARY
204,45180,POETAS DE COLOR,"CALCAGNO, FRANCISCO",POETRY / Anthologies (multiple authors),"{'Poets, Cuban', 'Authors, Black -- Cuba'}",POETRY,ANTHOLOGIES (MULTIPLE AUTHORS),POETRY
205,54436,"TEATRO SELECTO, TOMO 1 DE 4","CALDERÓN DE LA BARCA, PEDRO",DRAMA / European,"{'Spanish drama -- Classical period, 1500-1700'}",DRAMA,EUROPEAN,DRAMA
206,55917,"TEATRO SELECTO, TOMO 2 DE 4","CALDERÓN DE LA BARCA, PEDRO",DRAMA / European,"{'Spanish drama -- Classical period, 1500-1700'}",DRAMA,EUROPEAN,DRAMA
207,58643,"TEATRO SELECTO, TOMO 3 DE 4","CALDERÓN DE LA BARCA, PEDRO",DRAMA / European,"{'Spanish drama -- Classical period, 1500-1700'}",DRAMA,EUROPEAN,DRAMA
208,63328,"TEATRO SELECTO, TOMO 4 DE 4","CALDERÓN DE LA BARCA, PEDRO",DRAMA / European,"{'Spanish drama -- Classical period, 1500-1700'}",DRAMA,EUROPEAN,DRAMA
209,8870,"LA MEJOR COCINERA, RECETAS DE COCINA",CALLEJA (PSEUDONYM),COOKING / Regional & Ethnic,{'Cooking'},COOKING,REGIONAL & ETHNIC,OTHERS
210,43400,MÚSICA Y MÚSICOS PORTORRIQUEÑOS,"CALLEJO FERRER, FERNANDO",MUSIC / History & Criticism,"{'Musicians -- Puerto Rico', 'Music -- Puerto Rico -- History and criticism'}",MUSIC,HISTORY & CRITICISM,OTHERS
211,62019,POLÍTICA AMERICANA,"CALVO, ALEJANDRO",POLITICAL SCIENCE / Essays,"{'Monroe doctrine', 'Latin America -- Relations -- United States', 'United States -- Relations -- Latin America'}",POLITICAL SCIENCE,ESSAYS,POLITICAL SCIENCE
212,30275,LA RANA VIAJERA,"CAMBA, JULIO",TRAVEL / Essays & Travelogues,"{'Spain -- Description and travel -- Anecdotes, facetiae, satire, etc.'}",TRAVEL,ESSAYS & TRAVELOGUES,TRAVEL
213,64775,LOS LUSÍADAS: POEMA ÉPICO EN DIEZ CANTOS,"CAMÕES, LUÍS DE",POETRY / Epic,"{'Explorers -- Portugal -- Poetry', 'Epic poetry, Portuguese -- Translations into Spanish', 'Portuguese poetry -- Classical period, 1500-1700 -- Translations into Spanish', 'Portugal -- Colonies -- Asia -- Poetry', 'Gama, Vasco da, 1469-1524 -- Poetry', 'India -- Discovery and exploration -- Poetry'}",POETRY,EPIC,POETRY
214,9890,"BIOGRAFIA DEL LIBERTADOR SIMON BOLÍVAR, Ó LA INDEPENDENCIA DE LA AMÉRICA DEL SUD: RESEÑA HISTÓRICO-BIOGRÁFICA","CAMPANO, LORENZO",BIOGRAPHY & AUTOBIOGRAPHY / Political,"{'South America -- History -- Wars of Independence, 1806-1830', 'Bolívar, Simón, 1783-1830', 'Heads of state -- South America -- Biography'}",BIOGRAPHY & AUTOBIOGRAPHY,POLITICAL,BIOGRAPHY & AUTOBIOGRAPHY
215,16319,"IMPRESIONES, POESÍAS","CAMPO ARANA, JOSÉ",POETRY / General,{'Poetry'},POETRY,GENERAL,POETRY
216,62986,TRES RELATOS PORTEÑOS: SEGUNDA EDICIÓN,"CANCELA, ARTURO",FICTION / Short Stories (single author),{'Argentine fiction -- 20th century'},FICTION,SHORT STORIES (SINGLE AUTHOR),FICTION SHORT STORIES (SINGLE AUTHOR)
217,29014,EN VIAJE (1881-1882),"CANÉ, MIGUEL",TRAVEL / Essays & Travelogues,"{'Voyages and travels', 'Colombia -- Description and travel'}",TRAVEL,ESSAYS & TRAVELOGUES,TRAVEL
218,41575,JUVENILLA; PROSA LIGERA,"CANÉ, MIGUEL",BIOGRAPHY & AUTOBIOGRAPHY / Literary Figures,"{'Argentine literature', 'Argentina -- Social life and customs'}",BIOGRAPHY & AUTOBIOGRAPHY,LITERARY FIGURES,BIOGRAPHY & AUTOBIOGRAPHY
219,47092,HISTORIA DE LA DECADENCIA DE ESPAÑA,"CÁNOVAS DEL CASTILLO, ANTONIO",HISTORY / Europe,"{'Spain -- History -- Philip III, 1598-1621', 'Spain -- History -- Philip IV, 1621-1665', 'Degeneration -- History -- 17th century', 'Spain -- History -- Charles II, 1665-1700'}",HISTORY,EUROPE,HISTORY
220,39312,LOS INGENIOS:: COLECCIÓN DE VISTAS DE LOS PRINCIPLES INGENIOS DE AZÚCAR DE LA ISLA DE CUBA,"CANTERO, J. G. (JUSTO GERMÁN)",HISTORY / Caribbean & West Indies,"{'Sugar trade -- Cuba -- History -- 19th century', 'Plantations -- Cuba -- History -- 19th century'}",HISTORY,CARIBBEAN & WEST INDIES,HISTORY
221,45508,LA POLÍTICA DE LOS ESTADOS UNIDOS EN EL CONTINENTE AMERICANO,"CÁRDENAS Y ECHARTE, RAÚL DE",POLITICAL SCIENCE / International Relations,"{'Latin America -- Foreign relations -- United States', 'Monroe doctrine', 'United States -- Foreign relations -- Latin America', 'United States -- Territorial expansion'}",POLITICAL SCIENCE,INTERNATIONAL RELATIONS,POLITICAL SCIENCE
222,24925,AMAR ES VENCER,"CARO, PAULINE",FICTION / Romance,{'French fiction -- Translations into Spanish'},FICTION,ROMANCE,FICTION ROMANCE
223,23239,LA COPA DE VERLAINE,"CARRERE, EMILIO",POETRY / European,{'Fiction'},POETRY,EUROPEAN,POETRY
224,49298,HISTORIA DE LAS INDIAS (VOL. 1 DE 5),"CASAS, BARTOLOMÉ DE LAS",HISTORY / Latin America,"{'America -- Discovery and exploration -- Spanish -- Early works to 1800', 'Columbus, Christopher, 1451-1506 -- Early works to 1800', 'Spain -- Colonies -- America -- Early works to 1800', 'Indians, Treatment of -- Latin America -- Early works to 1800'}",HISTORY,LATIN AMERICA,HISTORY
225,50351,HISTORIA DE LAS INDIAS (VOL. 2 DE 5),"CASAS, BARTOLOMÉ DE LAS",HISTORY / Latin America,"{'America -- Discovery and exploration -- Spanish -- Early works to 1800', 'Columbus, Christopher, 1451-1506 -- Early works to 1800', 'Spain -- Colonies -- America -- Early works to 1800', 'Indians, Treatment of -- Latin America -- Early works to 1800'}",HISTORY,LATIN AMERICA,HISTORY
226,53131,HISTORIA DE LAS INDIAS (VOL. 5 DE 5),"CASAS, BARTOLOMÉ DE LAS",HISTORY / Latin America,"{'America -- Discovery and exploration -- Spanish -- Early works to 1800', 'Columbus, Christopher, 1451-1506 -- Early works to 1800', 'Spain -- Colonies -- America -- Early works to 1800', 'Indians, Treatment of -- Latin America -- Early works to 1800'}",HISTORY,LATIN AMERICA,HISTORY
227,53171,HISTORIA DE LAS INDIAS (VOL. 3 DE 5),"CASAS, BARTOLOMÉ DE LAS",HISTORY / Latin America,"{'America -- Discovery and exploration -- Spanish -- Early works to 1800', 'Columbus, Christopher, 1451-1506 -- Early works to 1800', 'Spain -- Colonies -- America -- Early works to 1800', 'Indians, Treatment of -- Latin America -- Early works to 1800'}",HISTORY,LATIN AMERICA,HISTORY
228,56283,HISTORIA DE LAS INDIAS (VOL. 4 DE 5),"CASAS, BARTOLOMÉ DE LAS",HISTORY / Latin America,"{'America -- Discovery and exploration -- Spanish -- Early works to 1800', 'Columbus, Christopher, 1451-1506 -- Early works to 1800', 'Spain -- Colonies -- America -- Early works to 1800', 'Indians, Treatment of -- Latin America -- Early works to 1800'}",HISTORY,LATIN AMERICA,HISTORY
229,53741,RECUERDOS DE ITALIA (PARTE 1 DE 2),"CASTELAR, EMILIO",TRAVEL / Europe,"{'Rome (Italy) -- Description and travel', 'Italy -- Description and travel'}",TRAVEL,EUROPE,TRAVEL
230,53742,RECUERDOS DE ITALIA (PARTE 2 DE 2),"CASTELAR, EMILIO",TRAVEL / Europe,"{'Rome (Italy) -- Description and travel', 'Italy -- Description and travel'}",TRAVEL,EUROPE,TRAVEL
231,33885,HISTORIA DE LOS JUDÍOS EN ESPAÑA: DESDE LOS TIEMPOS DE SU ESTABLECIMIENTO HASTA PRINCIPIOS DEL PRESENT SIGLO,"CASTRO, ADOLFO DE",HISTORY / Jewish,{'Jews -- Spain -- History'},HISTORY,JEWISH,HISTORY
232,41337,CATÁLOGO MONUMENTAL DE ESPAÑA; PROVINCIA DE ÁLAVA: INVENTARIO GENERAL DE LOS MONUMENTOS HISTÓRICOS Y ARTÍSTICOS DE AL NACIÓN.,"CASTRO, CRISTÓBAL DE",ARCHITECTURE / Historic Preservation,"{'Art, Spanish -- Spain -- Alava (Province) -- Catalogs', 'Monuments -- Spain -- Alava (Province) -- Catalogs'}",ARCHITECTURE,HISTORIC PRESERVATION,OTHERS
233,70984,EN LAS ORILLAS DEL SAR,"CASTRO, ROSALÍA DE",POETRY / Women Authors,{'Spanish poetry -- 19th century'},POETRY,WOMEN AUTHORS,POETRY
234,68787,CABOS SUELTOS: LITERATURA Y LINGÜÍSTICA,"CEJADOR Y FRAUCA, JULIO",LANGUAGE ARTS & DISCIPLINES / Linguistics,"{'Spanish language', 'Chocano, José Santos, 1875-1934', 'Spanish literature -- History and criticism'}",LANGUAGE ARTS & DISCIPLINES,LINGUISTICS,OTHERS
235,73255,"HISTORIA DE LA LENGUA Y LITERATURA CASTELLANA, TOMO 1 : $B DESDE LOS ORÍGENES HASTA CARLOS V","CEJADOR Y FRAUCA, JULIO",LITERARY CRITICISM / European,"{'Basque language', 'Spanish American literature -- History and criticism', 'Spanish literature -- History and criticism', 'Spanish language -- History', 'Spanish American literature -- Bibliography'}",LITERARY CRITICISM,EUROPEAN,LITERARY CRITICISM
236,73257,"HISTORIA DE LA LENGUA Y LITERATURA CASTELLANA, TOMO 2 : $B ÉPOCA DE CARLOS V","CEJADOR Y FRAUCA, JULIO",LITERARY CRITICISM / European,"{'Basque language', 'Spanish American literature -- History and criticism', 'Spanish literature -- History and criticism', 'Spanish language -- History', 'Spanish American literature -- Bibliography'}",LITERARY CRITICISM,EUROPEAN,LITERARY CRITICISM
237,15115,NOVELAS Y TEATRO,"CERVANTES SAAVEDRA, MIGUEL DE",FICTION / Classics,"{'Spanish fiction -- Classical period, 1500-1700', 'Spanish drama -- Classical period, 1500-1700'}",FICTION,CLASSICS,FICTION CLASSICS
238,16110,VIAGE AL PARNASO: LA NUMANCIA (TRAGEDIA) Y EL TRATO DE ARGEL (COMEDIA),"CERVANTES SAAVEDRA, MIGUEL DE",DRAMA / European,"{'Spanish poetry', 'Spanish drama'}",DRAMA,EUROPEAN,DRAMA
239,2000,DON QUIJOTE,"CERVANTES SAAVEDRA, MIGUEL DE",FICTION / Literary,"{'Romances', 'Knights and knighthood -- Spain -- Fiction', 'Spain -- Social life and customs -- 16th century -- Fiction', 'Picaresque literature'}",FICTION,LITERARY,FICTION LITERARY
240,57955,LOS ENTREMESES,"CERVANTES SAAVEDRA, MIGUEL DE",DRAMA / Anthologies,"{'Spanish drama -- Classical period, 1500-1700'}",DRAMA,ANTHOLOGIES,DRAMA
241,61202,NOVELAS EJEMPLARES,"CERVANTES SAAVEDRA, MIGUEL DE",FICTION / Short Stories (single author),"{'Spanish fiction -- Classical period, 1500-1700'}",FICTION,SHORT STORIES (SINGLE AUTHOR),FICTION SHORT STORIES (SINGLE AUTHOR)
242,35905,COSAS NUEVAS Y VIEJAS (APUNTES SEVILLANOS),"CHAVES REY, MANUEL",HISTORY / Europe,"{'Seville (Spain) -- Biography', 'Seville (Spain) -- History'}",HISTORY,EUROPE,HISTORY
243,40066,"PÁGINAS SEVILLANAS: SUCESOS HISTÓRICOS, PERSONAJES CÉLEBRES, MONUMENTOS NOTABLES, TRADICIONES POPULARES, CUENTOS VIEJOS, LEYENDAS Y CURIOSIDADES.","CHAVES REY, MANUEL",HISTORY / Europe,"{'Seville (Spain) -- History', 'Seville (Spain) -- Social life and customs'}",HISTORY,EUROPE,HISTORY
244,25255,"SEGUNDA PARTE DE LA CRÓNICA DEL PERÚ, QUE TRATA DEL SEÑORIO DE LOS INCAS YUPANQUIS Y DE SUS GRANDES HECHOS Y GOBERNACION","CIEZA DE LEÓN, PEDRO DE",HISTORY / Latin America,"{'Peru -- History -- Conquest, 1522-1548', 'Peru -- Description and travel -- Early works to 1800', 'Indians of South America -- Peru -- Social life and customs'}",HISTORY,LATIN AMERICA,HISTORY
245,73089,PREHISTORIA DE PUERTO-RICO,"COLL Y TOSTE, CAYETANO",HISTORY / Caribbean & West Indies,"{'Indians of the West Indies -- Puerto Rico', 'Puerto Rico -- Antiquities'}",HISTORY,CARIBBEAN & WEST INDIES,HISTORY
246,73179,COLON EN PUERTO-RICO,"COLL Y TOSTE, CAYETANO",BIOGRAPHY & AUTOBIOGRAPHY / Historical,"{'Puerto Rico -- History -- To 1898', 'Columbus, Christopher, 1451-1506'}",BIOGRAPHY & AUTOBIOGRAPHY,HISTORICAL,BIOGRAPHY & AUTOBIOGRAPHY
247,20011,PEQUEÑECES,"COLOMA, LUIS",FICTION / Religious,"{'Aristocracy (Social class) -- Spain -- 19th century -- Fiction', 'Spain -- Social conditions -- 1886-1939 -- Fiction'}",FICTION,RELIGIOUS,FICTION OTHERS
248,36558,RATÓN PÉREZ: CUENTO INFANTIL,"COLOMA, LUIS",JUVENILE FICTION / Fairy Tales & Folklore,"{'Tooth Fairy (Legendary character) -- Juvenile fiction', 'Mice -- Juvenile fiction'}",JUVENILE FICTION,FAIRY TALES & FOLKLORE,OTHERS
249,22975,LA NIÑA ROBADA,"CONSCIENCE, HENDRIK",FICTION / Literary,{'Fiction'},FICTION,LITERARY,FICTION LITERARY
250,37747,GUERRA DE RAZAS (NEGROS CONTRA BLANCOS EN CUBA),"CONTE, RAFAEL",HISTORY / Latin America / Caribbean,"{'Race War, Cuba, 1912', 'Black people -- Cuba', 'Cuba -- Race relations'}",HISTORY,LATIN AMERICA,HISTORY
251,55440,"ESTUDIO DESCRIPTIVO DE LOS MONUMENTOS ÁRABES DE GRANADA, SEVILLA Y CÓRDOBA: Ó SEA LA ALHAMBRA, EL ALCÁZAR Y LA GRAN MEZQUITA DE OCCIDENTE","CONTRERAS, RAFAEL",ARCHITECTURE / History,"{'Catedral (Córdoba, Spain)', 'Islamic art -- Spain', 'Alhambra (Granada, Spain)', 'Alcázar (Seville, Spain)', 'Islamic architecture -- Spain'}",ARCHITECTURE,HISTORY,OTHERS
252,19106,RECONOCIMIENTO DEL FUERTE DEL CARMEN DEL RIO NEGRO,"CRAMER, AMBROSIO",HISTORY / Expeditions & Discoveries,"{'Carmen de Patagones (Argentina)', 'Negro River (Río Negro, Argentina)'}",HISTORY,EXPEDITIONS & DISCOVERIES,HISTORY
253,57303,LA DIVINA COMEDIA,DANTE ALIGHIERI,POETRY / Medieval,"{'Dante Alighieri, 1265-1321 -- Adaptations', 'Epic poetry, Italian -- Adaptations'}",POETRY,MEDIEVAL,POETRY
254,47650,PROSAS PROFANAS: OBRAS COMPLETAS VOL. II,"DARÍO, RUBÉN",POETRY / General,{'Nicaraguan poetry'},POETRY,GENERAL,POETRY
255,50341,"CANTOS DE VIDA Y ESPERANZA, LOS CISNES Y OTROS POEMAS.: OBRAS COMPLETAS VOL. VII","DARÍO, RUBÉN",POETRY / General,{'Nicaraguan poetry'},POETRY,GENERAL,POETRY
256,50365,LOS RAROS: OBRAS COMPLETAS VOL. VI,"DARÍO, RUBÉN",LITERARY COLLECTIONS / Essays,"{'Symbolism (Literary movement)', 'Literature, Modern -- 19th century -- History and criticism'}",LITERARY COLLECTIONS,ESSAYS,LITERARY COLLECTIONS
257,51029,LETRAS: OBRAS COMPLETAS VOL. VIII,"DARÍO, RUBÉN",LITERARY COLLECTIONS / General,{'Literature'},LITERARY COLLECTIONS,GENERAL,LITERARY COLLECTIONS
258,51458,"CANTO A LA ARGENTINA, ODA A MITRE Y OTROS POEMAS: OBRAS COMPLETAS VOL. IX","DARÍO, RUBÉN",POETRY / General,{'Nicaraguan poetry'},POETRY,GENERAL,POETRY
259,51569,POEMA DEL OTOÑO Y OTROS POEMAS: OBRAS COMPLETAS VOL. XI,"DARÍO, RUBÉN",POETRY / General,{'Nicaraguan poetry'},POETRY,GENERAL,POETRY
260,51604,OPINIONES: OBRAS COMPLETAS VOL. X,"DARÍO, RUBÉN",LITERARY COLLECTIONS / Essays,{'Nicaraguan literature'},LITERARY COLLECTIONS,ESSAYS,LITERARY COLLECTIONS
261,51627,CUENTOS Y CRÓNICAS: OBRAS COMPLETAS VOL. XIV,"DARÍO, RUBÉN",LITERARY COLLECTIONS / Essays,{'Nicaraguan literature'},LITERARY COLLECTIONS,ESSAYS,LITERARY COLLECTIONS
262,51711,EL CANTO ERRANTE: OBRAS COMPLETAS VOL. XVI,"DARÍO, RUBÉN",POETRY / General,{'Nicaraguan poetry'},POETRY,GENERAL,POETRY
263,51870,PEREGRINACIONES: OBRAS COMPLETAS VOL. XII,"DARÍO, RUBÉN",TRAVEL / Essays & Travelogues,"{'Exposition universelle (1900 : Paris, France)', 'Paris (France) -- Social life and customs', 'Italy -- Description and travel'}",TRAVEL,ESSAYS & TRAVELOGUES,TRAVEL
264,52050,AUTOBIOGRAFÍA: OBRAS COMPLETAS VOL. XV,"DARÍO, RUBÉN",BIOGRAPHY & AUTOBIOGRAPHY / Literary Figures,"{'Darío, Rubén, 1867-1916'}",BIOGRAPHY & AUTOBIOGRAPHY,LITERARY FIGURES,BIOGRAPHY & AUTOBIOGRAPHY
265,52857,TIERRAS SOLARES: OBRAS COMPLETAS VOL. III,"DARÍO, RUBÉN",TRAVEL / Essays & Travelogues,"{'Darío, Rubén, 1867-1916 -- Travel -- Spain -- Andalusia', 'Europe -- Description and travel', 'Darío, Rubén, 1867-1916 -- Travel -- Europe', 'Andalusia (Spain) -- Description and travel', 'Authors, Nicaraguan -- 20th century -- Travel'}",TRAVEL,ESSAYS & TRAVELOGUES,TRAVEL
266,52894,AZUL...: OBRAS COMPLETAS VOL. IV,"DARÍO, RUBÉN",FICTION / Short Stories (single author),{'Nicaraguan literature'},FICTION,SHORT STORIES (SINGLE AUTHOR),FICTION SHORT STORIES (SINGLE AUTHOR)
267,53413,PROSA POLÍTICA (LAS REPÚBLICAS AMERICANAS): OBRAS COMPLETAS VOL. XIII,"DARÍO, RUBÉN",POLITICAL SCIENCE / International Relations,"{'America', 'Latin America -- Politics and government'}",POLITICAL SCIENCE,INTERNATIONAL RELATIONS,POLITICAL SCIENCE
268,53867,LIRA PÓSTUMA: OBRAS COMPLETAS VOL. XXI,"DARÍO, RUBÉN",POETRY / General,{'Nicaraguan poetry'},POETRY,GENERAL,POETRY
269,53930,"PARISIANA: OBRAS COMPLETAS, VOL. V","DARÍO, RUBÉN",LITERARY COLLECTIONS / Essays,{'Nicaraguan literature'},LITERARY COLLECTIONS,ESSAYS,LITERARY COLLECTIONS
270,54112,TODO AL VUELO: OBRAS COMPLETAS VOL. XVIII,"DARÍO, RUBÉN",LITERARY COLLECTIONS / Essays,{'Nicaraguan literature'},LITERARY COLLECTIONS,ESSAYS,LITERARY COLLECTIONS
271,54471,"EL VIAJE A NICARAGUA É HISTORIA DE MIS LIBROS: OBRAS COMPLETAS, VOL. XVII","DARÍO, RUBÉN",TRAVEL / Essays & Travelogues,{'Nicaragua -- Description and travel'},TRAVEL,ESSAYS & TRAVELOGUES,TRAVEL
272,54934,ESPAÑA CONTEMPORÁNEA: OBRAS COMPLETAS VOL. XIX,"DARÍO, RUBÉN",HISTORY / Europe,"{'Spain -- Social life and customs', 'Spain -- Description and travel', 'Spanish literature -- History and criticism'}",HISTORY,EUROPE,HISTORY
273,55616,PROSA DISPERSA: OBRAS COMPLETAS VOL. XX,"DARÍO, RUBÉN",LITERARY COLLECTIONS / Essays,{'Nicaraguan literature'},LITERARY COLLECTIONS,ESSAYS,LITERARY COLLECTIONS
274,56047,"CABEZAS: PENSADORES Y ARTISTAS, POLÍTICOS: OBRAS COMPLETAS VOL. XXII","DARÍO, RUBÉN",BIOGRAPHY & AUTOBIOGRAPHY / Literary Figures,"{'Latin America -- Biography', 'Spain -- Biography', 'Authors, Latin American -- Biography'}",BIOGRAPHY & AUTOBIOGRAPHY,LITERARY FIGURES,BIOGRAPHY & AUTOBIOGRAPHY
275,58375,LA CARAVANA PASA: OBRAS COMPLETAS VOL. I,"DARÍO, RUBÉN",LITERARY COLLECTIONS / Essays,{'Nicaraguan literature'},LITERARY COLLECTIONS,ESSAYS,LITERARY COLLECTIONS
276,29706,CARTAS DE MI MOLINO,"DAUDET, ALPHONSE",FICTION / Short Stories (single author),{'France -- Social life and customs -- Fiction'},FICTION,SHORT STORIES (SINGLE AUTHOR),FICTION SHORT STORIES (SINGLE AUTHOR)
277,40358,SALTA,"DÁVALOS, JUAN CARLOS",HISTORY / Latin America,{'Salta (Argentina)'},HISTORY,LATIN AMERICA,HISTORY
278,73486,CORAZÓN : $B (DIARIO DE UN NIÑO),"DE AMICIS, EDMONDO",FICTION / Coming of Age,"{'Family life -- Italy -- Juvenile fiction', 'Diaries -- Juvenile fiction', 'Italy -- Juvenile fiction'}",FICTION,COMING OF AGE,FICTION OTHERS
279,26756,ESPASMO,"DE ROBERTO, FEDERICO",FICTION / General,{'Italian fiction -- Translations into Spanish'},FICTION,GENERAL,FICTION OTHERS
280,73965,CENIZAS,"DELEDDA, GRAZIA",FICTION / Literary,"{'Parent and child -- Fiction', 'Unmarried mothers -- Fiction', 'Sardinia (Italy) -- Social life and customs -- Fiction'}",FICTION,LITERARY,FICTION LITERARY
281,16082,ANGELINA: (NOVELA MEXICANA),"DELGADO, RAFAEL",FICTION / Literary,{'Man-woman relationships -- Fiction'},FICTION,LITERARY,FICTION LITERARY
282,50291,"RETRATO DE LA LOZANA ANDALUZA: EN LENGUA ESPAÑOLA MUY CLARÍSIMA, COMPUESTO EN ROMA.","DELICADO, FRANCISCO, ACTIVE 16TH CENTURY",FICTION / Historical,"{'Spanish fiction -- Classical period, 1500-1700', 'Picaresque literature'}",FICTION,HISTORICAL,FICTION HISTORICAL
283,64945,VERDADERA HISTORIA DE LOS SUCESOS DE LA CONQUISTA DE LA NUEVA-ESPAÑA (1 DE 3),"DÍAZ DEL CASTILLO, BERNAL",HISTORY / Latin America,"{'Mexico -- History -- Conquest, 1519-1540'}",HISTORY,LATIN AMERICA,HISTORY
284,64946,VERDADERA HISTORIA DE LOS SUCESOS DE LA CONQUISTA DE LA NUEVA-ESPAÑA (2 DE 3),"DÍAZ DEL CASTILLO, BERNAL",HISTORY / Latin America,"{'Mexico -- History -- Conquest, 1519-1540'}",HISTORY,LATIN AMERICA,HISTORY
285,64947,VERDADERA HISTORIA DE LOS SUCESOS DE LA CONQUISTA DE LA NUEVA-ESPAÑA (3 DE 3),"DÍAZ DEL CASTILLO, BERNAL",HISTORY / Latin America,"{'Mexico -- History -- Conquest, 1519-1540'}",HISTORY,LATIN AMERICA,HISTORY
286,10228,EL PRESIDENTE DÍAZ AL SEÑOR EDISON,"DÍAZ, PORFIRIO",HISTORY / Latin America,"{'Edison, Thomas A. (Thomas Alva), 1847-1931'}",HISTORY,LATIN AMERICA,HISTORY
287,44309,ESCUELA DE HUMORISMO: NOVELAS.—CUENTOS.,"DÍAZ-CANEJA, GUILLERMO",FICTION / Short Stories (single author),"{'Humorous stories, Spanish', 'Spanish fiction'}",FICTION,SHORT STORIES (SINGLE AUTHOR),FICTION SHORT STORIES (SINGLE AUTHOR)
288,59629,JUAN JOSÉ: DRAMA EN TRES ACTOS Y EN PROSA,"DICENTA, JOAQUÍN",DRAMA / European / Spanish & Portuguese,{'Spanish drama -- 19th century'},DRAMA,EUROPEAN,DRAMA
289,61887,UNA HISTORIA DE DOS CIUDADES,"DICKENS, CHARLES",FICTION / Historical,"{'London (England) -- History -- 18th century -- Fiction', 'Executions and executioners -- Fiction', 'French -- England -- London -- Fiction', 'War stories', 'France -- History -- Revolution, 1789-1799 -- Fiction', 'Historical fiction', 'Paris (France) -- History -- 1789-1799 -- Fiction', 'British -- France -- Paris -- Fiction', 'Lookalikes -- Fiction'}",FICTION,HISTORICAL,FICTION HISTORICAL
290,62201,LOS LADRONES DE LONDRES,"DICKENS, CHARLES",FICTION / Mystery & Detective,"{'Criminals -- Fiction', 'London (England) -- Fiction', 'Boys -- Fiction', 'Kidnapping victims -- Fiction', 'Bildungsromans', 'Orphans -- Fiction'}",FICTION,MYSTERY & DETECTIVE,FICTION OTHERS
291,23617,"MEMORIA HISTÓRICA, GEOGRÁFICA, POLÍTICA Y ÉCONÓMICA SOBRE LA PROVINCIA DE MISIONES DE INDIOS GUARANÍS","DOBLAS, GONZALO DE",HISTORY / Latin America,"{'Guarani Indians', 'Paraguay -- History -- To 1811', 'Jesuits -- Paraguay'}",HISTORY,LATIN AMERICA,HISTORY
292,61851,EL CRIMEN Y EL CASTIGO,"DOSTOYEVSKY, FYODOR",FICTION / Classics,"{'Detective and mystery stories', 'Saint Petersburg (Russia) -- Fiction', 'Crime -- Psychological aspects -- Fiction', 'Murder -- Fiction', 'Psychological fiction'}",FICTION,CLASSICS,FICTION CLASSICS
293,29901,LIETTE,"DOURLIAC, ARTHUR",FICTION / General,{'Fiction'},FICTION,GENERAL,FICTION OTHERS
294,36453,LA GUARDIA BLANCA: NOVELA HISTÓRICA ESCRITA EN INGLÉS,"DOYLE, ARTHUR CONAN",FICTION / Historical,"{'Archers -- Fiction', ""Hundred Years' War, 1339-1453 -- Fiction"", 'Middle Ages -- Fiction', 'Knights and knighthood -- Fiction', 'War stories', 'Historical fiction', 'British -- France -- Fiction'}",FICTION,HISTORICAL,FICTION HISTORICAL
295,24988,AMAURY,"DUMAS, ALEXANDRE",FICTION / Literary,{'Tuberculosis -- Fiction'},FICTION,LITERARY,FICTION LITERARY
296,74029,LA DAMA DE LAS CAMELIAS; UNA FAMILIA CORSA,"DUMAS, ALEXANDRE",FICTION / Romance,"{'Brothers -- Fiction', 'Paris (France) -- Fiction', 'Courtesans -- Fiction', 'Love stories', 'Twins -- Fiction', 'Tuberculosis -- Patients -- Fiction', 'Vendetta -- Fiction', 'Corsica (France) -- Fiction', 'French fiction -- Translations into Spanish', 'Fathers and sons -- Fiction'}",FICTION,ROMANCE,FICTION ROMANCE
297,24823,SILAS MARNER,"ELIOT, GEORGE",FICTION / Classics,"{'Domestic fiction', 'Weavers -- Fiction', 'Adopted children -- Fiction', 'England -- Fiction', 'England -- Social life and customs -- 19th century -- Fiction', 'Foundlings -- Fiction', 'Fathers and daughters -- Fiction'}",FICTION,CLASSICS,FICTION CLASSICS
298,31544,LA INVASIÓN O EL LOCO YÉGOF,ERCKMANN-CHATRIAN,FICTION / Historical,{'France -- History -- Invasion of 1814 -- Fiction'},FICTION,HISTORICAL,FICTION HISTORICAL
299,75133,EL CONDE DE CANDESPINA (1 DE 2) : $B NOVELA HISTÓRICA ORIGINAL,"ESCOSURA, PATRICIO DE LA",FICTION / Historical,{'Historical fiction'},FICTION,HISTORICAL,FICTION HISTORICAL
300,75134,EL CONDE DE CANDESPINA (2 DE 2) : $B NOVELA HISTÓRICA ORIGINAL,"ESCOSURA, PATRICIO DE LA",FICTION / Historical,{'Historical fiction'},FICTION,HISTORICAL,FICTION HISTORICAL
301,29576,"TRATADO METÓDICO Y PRÁCTICO DE MATERIA MÉDICA Y DE TERAPÉUTICA, TOMO SEGUNDO","ESPANET, ALEXIS",MEDICAL / Pharmacology,{'Homeopathy -- Materia medica and therapeutics'},MEDICAL,PHARMACOLOGY,OTHERS
302,33809,"TRATADO METÓDICO Y PRÁCTICO DE MATERIA MÉDICA Y DE TERAPÉUTICA, TOMO PRIMERO","ESPANET, ALEXIS",MEDICAL / Pharmacology,{'Homeopathy -- Materia medica and therapeutics'},MEDICAL,PHARMACOLOGY,OTHERS
303,11657,LA NIÑA DE LUZMELA,"ESPINA, CONCHA",FICTION / General,{'Spanish fiction -- 20th century'},FICTION,GENERAL,FICTION OTHERS
304,42456,EL JAYÓN: DRAMA EN TRES ACTOS,"ESPINA, CONCHA",DRAMA / European,{'Drama'},DRAMA,EUROPEAN,DRAMA
305,44529,DULCE NOMBRE (NOVELA),"ESPINA, CONCHA",FICTION / General,{'Spanish fiction -- 20th century'},FICTION,GENERAL,FICTION OTHERS
306,47388,AGUA DE NIEVE (NOVELA),"ESPINA, CONCHA",FICTION / General,{'Spanish fiction -- 20th century'},FICTION,GENERAL,FICTION OTHERS
307,48081,RUECAS DE MARFIL (NOVELAS),"ESPINA, CONCHA",FICTION / Short Stories (single author),{'Spanish fiction -- 20th century'},FICTION,SHORT STORIES (SINGLE AUTHOR),FICTION SHORT STORIES (SINGLE AUTHOR)
308,48954,DESPERTAR PARA MORIR (NOVELA),"ESPINA, CONCHA",FICTION / General,{'Spanish fiction -- 20th century'},FICTION,GENERAL,FICTION OTHERS
309,51724,LA ESFINGE MARAGATA: NOVELA,"ESPINA, CONCHA",FICTION / General,{'Spanish fiction -- 20th century'},FICTION,GENERAL,FICTION OTHERS
310,60147,VIDA DEL ESCUDERO MARCOS DE OBREGÓN,"ESPINEL, VICENTE",FICTION / Literary,"{'Picaresque literature, Spanish', 'Spanish fiction -- Classical period, 1500-1700'}",FICTION,LITERARY,FICTION LITERARY
311,39930,EL PROLETARIO EN ESPAÑA Y EL NEGRO EN CUBA,"ESPINOSA, RAMÓN J.",POLITICAL SCIENCE / Essays,"{'Slavery -- Cuba', 'Spain -- Social life and customs', 'Cuba -- Social life and customs'}",POLITICAL SCIENCE,ESSAYS,POLITICAL SCIENCE
312,53462,"DISCURSOS SOBRE EL ARTE DEL DANÇADO: Y SUS EXELENCIAS Y PRIMER ORIGEN, REPROBANDO LAS ACCIONES DESHONESTAS","ESQUIVEL NAVARRO, JUAN DE, ACTIVE 17TH CENTURY",PERFORMING ARTS / Dance,{'Dance -- Early works to 1800'},PERFORMING ARTS,DANCE,OTHERS
313,25074,NOVELAS Y CUENTOS,"ESTÉBANEZ CALDERÓN, SERAFÍN",FICTION / Short Stories (single author),{'Spanish fiction -- 19th century'},FICTION,SHORT STORIES (SINGLE AUTHOR),FICTION SHORT STORIES (SINGLE AUTHOR)
314,73500,OBRAS DRAMÁTICAS DE EURÍPIDES (1 DE 3),EURIPIDES,DRAMA / Ancient & Classical,{'Greek drama (Tragedy) -- Translations into Spanish'},DRAMA,ANCIENT & CLASSICAL,DRAMA
315,74704,OBRAS DRAMÁTICAS DE EURÍPIDES (2 DE 3),EURIPIDES,DRAMA / Ancient & Classical,{'Greek drama (Tragedy) -- Translations into Spanish'},DRAMA,ANCIENT & CLASSICAL,DRAMA
316,75775,OBRAS DRAMÁTICAS DE EURÍPIDES (3 DE 3),EURIPIDES,DRAMA / Ancient & Classical,set(),DRAMA,ANCIENT & CLASSICAL,DRAMA
317,60510,DEBERES DE BUENA SOCIEDAD,"FABRA, CAMILO",REFERENCE / Etiquette,{'Etiquette -- Spain -- 19th century'},REFERENCE,ETIQUETTE,OTHERS
318,69873,CUENTOS ILUSTRADOS,"FABRA, NILO MARÍA",FICTION / Short Stories (single author),"{'Short stories, Spanish', 'Political fiction, Spanish', 'Spanish fiction -- 19th century'}",FICTION,SHORT STORIES (SINGLE AUTHOR),FICTION SHORT STORIES (SINGLE AUTHOR)
319,28542,DESCRIPCIÓN DE LA PATAGONIA Y DE LAS PARTES ADYACENTES DE LA AMÉRICA MERIDIONAL,"FALKNER, THOMAS",HISTORY / Americas (South),"{'Patagonia (Argentina and Chile) -- Description and travel', 'Moluche dialect', 'Falkland Islands', 'Indians of South America -- Patagonia (Argentina and Chile)', 'Pampas (Argentina)'}",HISTORY,AMERICAS (SOUTH),HISTORY
320,69948,DICCIONARIO ESPAÑOL-BISAYA : $B SEGUNDA EDICIÓN,"FÉLIX DE LA ENCARNACIÓN, JUAN",LANGUAGE ARTS & DISCIPLINES / Dictionaries,"{'Spanish language -- Dictionaries -- Bisayan languages', 'Bisayan languages -- Dictionaries -- Spanish'}",LANGUAGE ARTS & DISCIPLINES,DICTIONARIES,OTHERS
321,30175,LOS PRINCIPIOS MATEMÁTICO-HISTÓRICOS Y LA EVOLUCIÓN DE LA LIBERTAD,"FERNÁNDEZ BOLÍVAR, VÍCTOR JOSÉ",PHILOSOPHY / Political,{'History -- Philosophy'},PHILOSOPHY,POLITICAL,PHILOSOPHY
322,60884,EL QUIJOTE APÓCRIFO,"FERNÁNDEZ DE AVELLANEDA, ALONSO",PHILOSOPHY / Political,"{'Quixote, Don (Fictitious character) -- Fiction'}",PHILOSOPHY,POLITICAL,PHILOSOPHY
323,50027,EL SÍ DE LAS NIÑAS,"FERNÁNDEZ DE MORATÍN, LEANDRO",DRAMA / European,{'Spanish drama (Comedy)'},DRAMA,EUROPEAN,DRAMA
324,60927,COMEDIAS ESCOGIDAS,"FERNÁNDEZ DE MORATÍN, LEANDRO",DRAMA / European,{'Spanish drama -- 19th century'},DRAMA,EUROPEAN,DRAMA
325,29078,ESTUDIOS HISTÓRICOS DEL REINADO DE FELIPE II,"FERNÁNDEZ DURO, CESÁREO",HISTORY / Europe,"{'Spain -- History -- Philip II, 1556-1598', 'Pérez, Antonio, -1611', 'Spain -- Politics and government -- 1556-1598', 'Jerba, Massacre of, 1560'}",HISTORY,EUROPE,HISTORY
326,47184,ANTOLOGÍA PORTORRIQUEÑA: PROSA Y VERSO,"FERNÁNDEZ JUNCOS, MANUEL",LITERARY COLLECTIONS / Caribbean & Latin American,"{'Authors, Puerto Rican', 'Spanish language -- Readers', 'Puerto Rican literature'}",LITERARY COLLECTIONS,CARIBBEAN & LATIN AMERICAN,LITERARY COLLECTIONS
327,27295,AMPARO (MEMORIAS DE UN LOCO),"FERNÁNDEZ Y GONZÁLEZ, MANUEL",FICTION / Psychological,{'Fiction'},FICTION,PSYCHOLOGICAL,FICTION OTHERS
328,27900,"EL MANCO DE LEPANTO: EPISODIO DE LA VIDA DEL PRÍNCIPE DE LOS INGENIOS, MIGUEL DE CERVANTES-SAAVEDRA","FERNÁNDEZ Y GONZÁLEZ, MANUEL",FICTION / Biographical,"{'Cervantes Saavedra, Miguel de, 1547-1616'}",FICTION,BIOGRAPHICAL,FICTION OTHERS
329,28978,EL INFIERNO DEL AMOR: LEYENDA FANTASTICA,"FERNÁNDEZ Y GONZÁLEZ, MANUEL",FICTION / Fantasy,{'Poetry'},FICTION,FANTASY,FICTION OTHERS
330,33275,EL COCINERO DE SU MAJESTAD: MEMORIAS DEL TIEMPO DE FELIPE III,"FERNÁNDEZ Y GONZÁLEZ, MANUEL",FICTION / Historical,"{'Martínez Montiño, Francisco, active 16th century -- Fiction'}",FICTION,HISTORICAL,FICTION HISTORICAL
331,39113,LOS HERMANOS PLANTAGENET,"FERNÁNDEZ Y GONZÁLEZ, MANUEL",FICTION / Historical,{'Historical fiction'},FICTION,HISTORICAL,FICTION HISTORICAL
332,44584,LOS MONFÍES DE LAS ALPUJARRAS: NOVELA ORIGINAL,"FERNÁNDEZ Y GONZÁLEZ, MANUEL",FICTION / Historical,{'Historical fiction'},FICTION,HISTORICAL,FICTION HISTORICAL
333,47572,LA VIEJA VERDE: ESTUDIOS AL NATURAL,"FERNÁNDEZ Y GONZÁLEZ, MANUEL",FICTION / General,{'Historical fiction'},FICTION,GENERAL,FICTION OTHERS
334,49660,LA ALHAMBRA; LEYENDAS ÁRABES,"FERNÁNDEZ Y GONZÁLEZ, MANUEL","FICTION / Legends, Myths, Fables",{'Historical fiction'},FICTION,"LEGENDS, MYTHS, FABLES",FICTION OTHERS
335,64656,"HISTORIA DE LOS SIETE MURCIÉLAGOS, LEYENDA ÁRABE","FERNÁNDEZ Y GONZÁLEZ, MANUEL","FICTION / Legends, Myths, Fables",{'Spanish fiction -- 19th century'},FICTION,"LEGENDS, MYTHS, FABLES",FICTION OTHERS
336,29061,RELACION HISTORIAL DE LAS MISIONES DE INDIOS CHIQUITOS QUE EN EL PARAGUAY TIENEN LOS PADRES DE LA COMPAÑÍA DE JESÚS,"FERNÁNDEZ, JUAN PATRICIO",RELIGION / Christianity,"{'Jesuits -- Missions -- Paraguay -- History', 'Chiquito Indians -- Missions', 'Guarani Indians -- Missions'}",RELIGION,CHRISTIANITY,RELIGION
337,58865,VOLVORETA,"FERNÁNDEZ-FLÓREZ, WENCESLAO",FICTION / Literary,"{'Galicia (Spain : Region) -- Fiction', 'Social classes -- Fiction'}",FICTION,LITERARY,FICTION LITERARY
338,54282,SOCIALISMO Y CIENCIA POSITIVA (DARWIN-SPENCER-MARX),"FERRI, ENRICO",POLITICAL SCIENCE / Political Ideologies,"{'Socialism', 'Spencer, Herbert, 1820-1903', 'Evolution'}",POLITICAL SCIENCE,POLITICAL IDEOLOGIES,POLITICAL SCIENCE
339,22909,LA NOVELA DE UN JOVEN POBRE,"FEUILLET, OCTAVE",FICTION / Literary,{'Young men -- France -- Fiction'},FICTION,LITERARY,FICTION LITERARY
340,24802,HONOR DE ARTISTA,"FEUILLET, OCTAVE",FICTION / Literary,{'Fiction'},FICTION,LITERARY,FICTION LITERARY
341,27100,HISTORIA DE UNA PARISIENSE,"FEUILLET, OCTAVE",FICTION / Literary,{'Paris (France) -- Fiction'},FICTION,LITERARY,FICTION LITERARY
342,38836,CATALOGO DE LOS OBJETOS ETNOLOGICOS Y ARQUEOLOGICOS EXHIBIDOS POR LA EXPEDICIÓN HEMENWAY,"FEWKES, JESSE WALTER",SOCIAL SCIENCE / Anthropology,"{'Arizona -- Antiquities', 'New Mexico -- Antiquities', 'New Mexico -- Bibliography', 'Hopi Indians', 'Indians -- Bibliography', 'Mexico -- Bibliography', 'Hemenway collection'}",SOCIAL SCIENCE,ANTHROPOLOGY,SOCIAL SCIENCE
343,66285,SALAMBÓ,"FLAUBERT, GUSTAVE",FICTION / Historical,"{'Historical fiction', 'Carthage (Extinct city) -- History -- Fiction'}",FICTION,HISTORICAL,FICTION HISTORICAL
344,57828,COSAS DE ESPAÑA; TOMO 1: (EL PAÍS DE LO IMPREVISTO),"FORD, RICHARD",TRAVEL / Europe,{'Spain -- Description and travel'},TRAVEL,EUROPE,TRAVEL
345,58916,COSAS DE ESPAÑA; TOMO 2: (EL PAÍS DE LO IMPREVISTO),"FORD, RICHARD",TRAVEL / Europe,{'Spain -- Description and travel'},TRAVEL,EUROPE,TRAVEL
346,58713,MÉXICO TAL CUAL ES,"FORNARO, CARLO DE",HISTORY / Latin America,"{'Díaz, Porfirio, 1830-1915', 'Mexico -- Politics and government -- 1867-1910'}",HISTORY,LATIN AMERICA,HISTORY
347,26508,FIEBRE DE AMOR (DOMINIQUE),"FROMENTIN, EUGÈNE",FICTION / Literary,"{'Love stories', 'Friendship -- Fiction'}",FICTION,LITERARY,FICTION LITERARY
348,60748,NACHA REGULES: NOVELA,"GÁLVEZ, MANUEL",FICTION / Literary,"{'Argentina -- Social conditions -- 20th century -- Fiction', 'Prostitution -- Fiction', 'Poverty -- Fiction'}",FICTION,LITERARY,FICTION LITERARY
349,33227,"LA FEE TRIUNFANTE EN QUATRO AUTOS: CELEBRADOS EN MALLORCA POR EL SANTO OFICIO DE LA INQUISICIÓN EN QUE HAN SALIDO OCHENTA Y OCHO REOS, Y DE TREINTA Y SIETE RELAJADOS SÓLO HUBO TRES PERTINACES.","GARAU, FRANCISCO",RELIGION / Christianity,{'Inquisition -- Spain -- Majorca'},RELIGION,CHRISTIANITY,RELIGION
350,52036,UN AÑO EN QUINCE MINUTOS: PIEZA EN UN ACTO,"GARCÍA GONZÁLEZ, MANUEL",DRAMA / European,{'Spanish drama'},DRAMA,EUROPEAN,DRAMA
351,29677,HEATH'S MODERN LANGUAGE SERIES: EL TROVADOR,"GARCÍA GUTIÉRREZ, ANTONIO",DRAMA / European,{'Spanish drama'},DRAMA,EUROPEAN,DRAMA
352,72665,ROMANCERO GITANO,"GARCÍA LORCA, FEDERICO",POETRY / European,{'Spanish poetry -- 20th century'},POETRY,EUROPEAN,POETRY
353,75703,LIBRO DE POEMAS,"GARCÍA LORCA, FEDERICO",POETRY / European,{'Spanish poetry -- 20th century'},POETRY,EUROPEAN,POETRY
354,70064,ESTUDIOS AMERICANOS (PRIMERA SERIE),"GARCÍA MÉROU, MARTÍN",HISTORY / Americas (South),"{'United States -- Politics and government -- 1865-1933', 'United States -- Description and travel'}",HISTORY,AMERICAS (SOUTH),HISTORY
355,27757,"NUEVO PLAN DE FRONTERAS DE LA PROVINCIA DE BUENOS AIRES, PROYECTADO EN 1816","GARCÍA, PEDRO ANDRÉS",HISTORY / Americas (South),"{'Argentina -- Boundaries', 'Buenos Aires (Argentina : Province) -- Boundaries'}",HISTORY,AMERICAS (SOUTH),HISTORY
356,41789,DIARIO DE LA EXPEDICION DE 1822 A LOS CAMPOS DEL SUD DE BUENOS AIRES: DESDE MORON HASTA LA SIERRA DE LA VENTANA,"GARCÍA, PEDRO ANDRÉS",HISTORY / Americas (South),"{'Buenos Aires (Argentina : Province) -- Description and travel', 'Indians of South America -- Argentina', 'Argentina -- Discovery and exploration', 'Argentina -- Description and travel'}",HISTORY,AMERICAS (SOUTH),HISTORY
357,45183,"DIARIO DE UN VIAGE A SALINAS GRANDES, EN LOS CAMPOS DEL SUD DE BUENOS AIRES","GARCÍA, PEDRO ANDRÉS",HISTORY / Americas (South),{'Buenos Aires (Argentina : Province) -- Description and travel'},HISTORY,AMERICAS (SOUTH),HISTORY
358,62359,EL ANACRONÓPETE; VIAJE A CHINA; METEMPSICOSIS,"GASPAR, ENRIQUE",FICTION / Science Fiction,"{'Time travel -- Fiction', 'China -- Fiction', 'Science fiction, Spanish'}",FICTION,SCIENCE FICTION,FICTION OTHERS
359,36318,CURIOSIDADES ANTIGUAS SEVILLANAS: (SERIE SEGUNDA),"GESTOSO Y PÉREZ, JOSÉ",HISTORY / Europe,{'Andalusia (Spain)'},HISTORY,EUROPE,HISTORY
360,49413,EL SEÑOR DE BEMBIBRE,"GIL Y CARRASCO, ENRIQUE",FICTION / Historical,"{'Historical fiction', 'Spanish fiction -- 19th century'}",FICTION,HISTORICAL,FICTION HISTORICAL
361,58103,20 POEMAS PARA SER LEÍDOS EN EL TRANVÍA,"GIRONDO, OLIVERIO",POETRY / General,{'Argentine poetry'},POETRY,GENERAL,POETRY
362,68566,FAUSTO: PRIMERA PARTE,"GOETHE, JOHANN WOLFGANG VON",DRAMA / European,"{'German poetry -- Translations into Spanish', 'Faust, -approximately 1540 -- Drama', 'Legends -- Germany -- Drama', 'Magicians -- Drama'}",DRAMA,EUROPEAN,DRAMA
363,75126,SAB (NOVELA ORIGINAL),"GÓMEZ DE AVELLANEDA, GERTRUDIS",FICTION / Literary,"{'Love stories', 'Slavery -- Fiction', 'Enslaved persons -- Fiction', 'Cuba -- Fiction', 'Sugar plantations -- Fiction'}",FICTION,LITERARY,FICTION LITERARY
364,63228,LA QUINTA DE PALMYRA: (NOVELA GRANDE),"GÓMEZ DE LA SERNA, RAMÓN",FICTION / Literary,{'Spanish fiction -- 20th century'},FICTION,LITERARY,FICTION LITERARY
365,67555,ADHESIONES Á LA VENTA DE LOS FERRO-CARRILES DE LA PROVINCIA,"GONNET, MANUEL B.",POLITICAL SCIENCE / Public Policy,{'Railroads -- Argentina'},POLITICAL SCIENCE,PUBLIC POLICY,POLITICAL SCIENCE
366,62564,OASIS EN LA VIDA,"GORRITI, JUANA MANUELA",FICTION / Literary,{'Argentine fiction -- 19th century'},FICTION,LITERARY,FICTION LITERARY
367,60117,LOS DESASTRES DE LA GUERRA:: COLECCIÓN DE OCHENTA LÁMINAS INVENTADAS Y GRABADAS AL AGUA FUERTE,"GOYA, FRANCISCO",ART / European,"{'Spain -- History -- Napoleonic Conquest, 1808-1813 -- Pictorial works'}",ART,EUROPEAN,OTHERS
368,62691,EL CRITICÓN (TOMO 1 DE 2),"GRACIÁN Y MORALES, BALTASAR",FICTION / Literary,"{'Spanish fiction -- Classical period, 1500-1700'}",FICTION,LITERARY,FICTION LITERARY
369,63402,EL CRITICÓN (TOMO 2 DE 2),"GRACIÁN Y MORALES, BALTASAR",FICTION / Literary,"{'Spanish fiction -- Classical period, 1500-1700'}",FICTION,LITERARY,FICTION LITERARY
370,49376,DEL PLATA AL NIAGARA,"GROUSSAC, PAUL",TRAVEL / Essays & Travelogues,"{'America -- Description and travel', 'Groussac, Paul, 1848-1929', 'Latin America -- Description and travel', 'United States -- Description and travel'}",TRAVEL,ESSAYS & TRAVELOGUES,TRAVEL
371,62450,"HISTORIA DEL PARAGUAY, RÍO DE LA PLATA Y TUCUMÁN","GUEVARA, JOSÉ",HISTORY / Americas (South),"{'Tucumán (Argentina : Gobernación)', 'Indians of South America -- Paraguay', 'Argentina -- History -- To 1810', 'Paraguay -- History -- To 1811'}",HISTORY,AMERICAS (SOUTH),HISTORY
372,20930,COSMOGRAFÍA,"GUILLEMIN, AMÉDÉE",SCIENCE / Astronomy,"{'Stars', 'Solar system'}",SCIENCE,ASTRONOMY,OTHERS
373,45151,HISTORIA DE LA CONQUISTA DE LA HABANA (1762),"GUITERAS, PEDRO JOSÉ",HISTORY / Americas (Caribbean & West Indies / Cuba),"{'Havana (Cuba) -- History -- Siege, 1762'}",HISTORY,AMERICAS (CARIBBEAN & WEST INDIES,HISTORY
374,53927,"APUNTES BIOGRAFICOS DE ESCRITORES, ORADORES Y HOMBRES DE ESTADO DE LA REPUBLICA ARGENTINA","GUTIÉRREZ, JUAN MARÍA",BIOGRAPHY & AUTOBIOGRAPHY / Literary Figures,{'Argentina -- Biography'},BIOGRAPHY & AUTOBIOGRAPHY,LITERARY FIGURES,BIOGRAPHY & AUTOBIOGRAPHY
375,29703,EL ABATE CONSTANTIN,"HALÉVY, LUDOVIC",FICTION / Literary,"{'Love stories', 'France -- Social life and customs -- 19th century -- Fiction', 'Clergy -- France -- Fiction', 'Catholic Church -- Clergy -- Fiction'}",FICTION,LITERARY,FICTION LITERARY
376,22065,AN ELEMENTARY SPANISH READER,"HARRISON, EARL STANLEY",FOREIGN LANGUAGE STUDY / Spanish,{'Spanish language -- Readers'},FOREIGN LANGUAGE STUDY,SPANISH,OTHERS
377,25671,BOCETOS CALIFORNIANOS,"HARTE, BRET",FICTION / Short Stories (single author),"{'California -- Social life and customs -- Fiction', 'Short stories', 'Western stories'}",FICTION,SHORT STORIES (SINGLE AUTHOR),FICTION SHORT STORIES (SINGLE AUTHOR)
378,10909,LOS AMANTES DE TERUEL: DRAMA EN CUATRO ACTOS EN VERSO Y PROSA,"HARTZENBUSCH, JUAN EUGENIO",DRAMA / European,{'Lovers of Teruel (Legend) -- Drama'},DRAMA,EUROPEAN,DRAMA
379,36990,LA LETRA ESCARLATA: NOVELA ESCRITA EN INGLÉS,"HAWTHORNE, NATHANIEL",FICTION / Classics,"{'Illegitimate children -- Fiction', 'Adultery -- Fiction', 'Women immigrants -- Fiction', 'Revenge -- Fiction', 'Boston (Mass.) -- History -- Colonial period, ca. 1600-1775 -- Fiction', 'Clergy -- Fiction', 'Married women -- Fiction', 'Triangles (Interpersonal relations) -- Fiction', 'Puritans -- Fiction', 'Historical fiction', 'Psychological fiction'}",FICTION,CLASSICS,FICTION CLASSICS
380,55215,CUANDO LA TIERRA ERA NIÑA,"HAWTHORNE, NATHANIEL",FICTION / Short Stories (single author),"{'Mythology, Greek -- Juvenile literature', 'Mythology, Greek'}",FICTION,SHORT STORIES (SINGLE AUTHOR),FICTION SHORT STORIES (SINGLE AUTHOR)
381,13216,"DIARIO HISTÓRICO DE LA REBELION Y GUERRA DE LOS PUEBLOS GUARANIS SITUADOS EN LA COSTA ORIENTAL DEL RIO URUGUAY, DEL AÑO DE 1754","HENIS, TADÉAS XAVIER",HISTORY / Americas (South),"{'Seven Reductions, War of the, 1754-1756'}",HISTORY,AMERICAS (SOUTH),HISTORY
382,20159,CATÁLOGO INSTRUCTIVO DE LAS COLECCIONES MINERALÓGICAS,"HERMITTE, ENRIQUE MARTÍN",SCIENCE / Earth Sciences,{'Minerals -- Catalogs and collections'},SCIENCE,EARTH SCIENCES,OTHERS
383,14765,EL GAUCHO MARTÍN FIERRO,"HERNÁNDEZ, JOSÉ",POETRY / American,{'Gauchos -- Poetry'},POETRY,AMERICAN,POETRY
384,15066,LA VUELTA DE MARTÍN FIERRO,"HERNÁNDEZ, JOSÉ",POETRY / American,{'Gauchos -- Poetry'},POETRY,AMERICAN,POETRY
385,72753,LOS NUEVE LIBROS DE LA HISTORIA (1 DE 2),HERODOTUS,HISTORY / Ancient,"{'History, Ancient', 'Greece -- History -- To 146 B.C.'}",HISTORY,ANCIENT,HISTORY
386,72754,LOS NUEVE LIBROS DE LA HISTORIA (2 DE 2),HERODOTUS,HISTORY / Ancient,"{'History, Ancient', 'Greece -- History -- To 146 B.C.'}",HISTORY,ANCIENT,HISTORY
387,46246,"HISTORIA GENERAL DEL DERECHO ESPAÑOL, TOMO I","HINOJOSA, EDUARDO DE",LAW / Legal History,{'Law -- Spain -- History'},LAW,LEGAL HISTORY,OTHERS
388,57654,LA ILÍADA,HOMER,POETRY / Ancient & Classical,"{'Trojan War', 'Achilles (Mythological character)', 'Epic poetry, Greek -- Translations into Spanish'}",POETRY,ANCIENT & CLASSICAL,POETRY
389,58221,LA ODISEA,HOMER,POETRY / Ancient & Classical,"{'Odysseus, King of Ithaca (Mythological character)', 'Epic poetry, Greek -- Translations into Spanish'}",POETRY,ANCIENT & CLASSICAL,POETRY
390,24801,EL PRISIONERO DE ZENDA,"HOPE, ANTHONY",FICTION / Classics,"{'Adventure stories', 'British -- Foreign countries -- Fiction', 'Love stories', 'Kings and rulers -- Fiction', 'Impostors and imposture -- Fiction', 'Political kidnapping -- Fiction'}",FICTION,CLASSICS,FICTION CLASSICS
391,73064,MORAL SOCIAL : $B APRECIACIÓN DE HOSTOS,"HOSTOS, EUGENIO MARÍA DE",PHILOSOPHY / Ethics & Moral Philosophy,"{'Ethics', 'Social ethics'}",PHILOSOPHY,ETHICS & MORAL PHILOSOPHY,PHILOSOPHY
392,28592,EL PECADO Y LA NOCHE,"HOYOS Y VINENT, ANTONIO DE",FICTION / Literary,{'Spanish literature'},FICTION,LITERARY,FICTION LITERARY
393,52499,CUESTIONES POLÍTICAS Y ECONÓMICAS,"HUERGO, PALEMÓN",POLITICAL SCIENCE / Essays,"{'Argentina -- Politics and government -- 1817-1860', 'Argentina -- Economic conditions'}",POLITICAL SCIENCE,ESSAYS,POLITICAL SCIENCE
394,65486,DRAMAS (1 DE 2): HERNANI; EL REY SE DIVIERTE; LOS BURGRAVES,"HUGO, VICTOR",DRAMA / European,{'French drama -- Translations into Spanish'},DRAMA,EUROPEAN,DRAMA
395,65584,DRAMAS (2 DE 2): LUCRECIA BORGIA; MARÍA TUDOR; LA ESMERALDA; RUY BLAS,"HUGO, VICTOR",DRAMA / European,{'French drama -- Translations into Spanish'},DRAMA,EUROPEAN,DRAMA
396,67819,BUG-JARGAL,"HUGO, VICTOR",FICTION / Historical,"{'Haiti -- History -- Revolution, 1791-1804 -- Fiction'}",FICTION,HISTORICAL,FICTION HISTORICAL
397,75739,LOS MISERABLES - TOMO 1 (DE 2),"HUGO, VICTOR",FICTION / Classics,"{'Paris (France) -- Fiction', 'Epic literature', 'Ex-convicts -- Fiction', 'Historical fiction', 'Orphans -- Fiction'}",FICTION,CLASSICS,FICTION CLASSICS
398,61831,"CRISTÓBAL COLÓN Y EL DESCUBRIMIENTO DE AMÉRICA, TOMO 1: HISTORIA DE LA GEOGRAFÍA DEL NUEVO CONTINENTE Y DE LOS PROGRESOS DE LA ASTRONOMÍA NÁUTICA EN LOS SIGLOS XV Y XVI","HUMBOLDT, ALEXANDER VON",HISTORY / Expeditions & Discoveries,"{'America -- Discovery and exploration -- Spanish', 'Columbus, Christopher, 1451-1506', 'Navigation -- History'}",HISTORY,EXPEDITIONS & DISCOVERIES,HISTORY
399,61832,"CRISTÓBAL COLÓN Y EL DESCUBRIMIENTO DE AMÉRICA, TOMO 2: HISTORIA DE LA GEOGRAFÍA DEL NUEVO CONTINENTE Y DE LOS PROGRESOS DE LA ASTRONOMÍA NÁUTICA EN LOS SIGLOS XV Y XVI","HUMBOLDT, ALEXANDER VON",HISTORY / Expeditions & Discoveries,"{'America -- Discovery and exploration -- Spanish', 'Columbus, Christopher, 1451-1506', 'Navigation -- History'}",HISTORY,EXPEDITIONS & DISCOVERIES,HISTORY
400,61022,"GUERRA DE GRANADA: HECHA POR EL REY D. FELIPE II, CONTRA LOS MORISCOS DE AQUEL REINO, SUS REBELDES; SEGUIDA DE LA VIDA DEL LAZARILLO DE TORMES, SUS FORTUNAS Y ADVERSIDADES","HURTADO DE MENDOZA, DIEGO",HISTORY / Europe,"{'Spain -- History -- Philip II, 1556-1598', 'Granada (Spain : Reino) -- History', 'Moriscos'}",HISTORY,EUROPE,HISTORY
401,56301,HACIA UNA MORAL SIN DOGMAS: LECCIONES SOBRE EMERSON Y EL ETICISMO,"INGENIEROS, JOSÉ",PHILOSOPHY / Ethics & Moral Philosophy,"{'Ethics', 'Emerson, Ralph Waldo, 1803-1882 -- Ethics', 'Sarmiento, Domingo Faustino, 1811-1888'}",PHILOSOPHY,ETHICS & MORAL PHILOSOPHY,PHILOSOPHY
402,64188,LA SIMULACIÓN EN LA LUCHA POR LA VIDA,"INGENIEROS, JOSÉ",PHILOSOPHY / Social,"{'Personality disorders', 'Malingering', 'Psychology, Comparative'}",PHILOSOPHY,SOCIAL,PHILOSOPHY
403,64974,EL HOMBRE MEDIOCRE: ENSAYO DE PSICOLOGIA Y MORAL,"INGENIEROS, JOSÉ",PHILOSOPHY / Social,"{'Character', 'Human beings'}",PHILOSOPHY,SOCIAL,PHILOSOPHY
404,29497,FÁBULAS LITERARIAS,"IRIARTE, TOMÁS DE",POETRY / European,"{'Fables, Spanish'}",POETRY,EUROPEAN,POETRY
405,46496,"CUENTOS CLÁSICOS DEL NORTE, SEGUNDA SERIE","IRVING, WASHINGTON",FICTION / Short Stories (single author),{'American literature -- Translations into Spanish'},FICTION,SHORT STORIES (SINGLE AUTHOR),FICTION SHORT STORIES (SINGLE AUTHOR)
406,49258,CRÓNICA DE LA CONQUISTA DE GRANADA (1 DE 2),"IRVING, WASHINGTON",HISTORY / Europe,"{'Granada (Spain : Reino) -- History -- Spanish Conquest, 1476-1492'}",HISTORY,EUROPE,HISTORY
407,49259,CRÓNICA DE LA CONQUISTA DE GRANADA (2 DE 2),"IRVING, WASHINGTON",HISTORY / Europe,"{'Granada (Spain : Reino) -- History -- Spanish Conquest, 1476-1492'}",HISTORY,EUROPE,HISTORY
408,52262,CUENTOS DE LA ALHAMBRA,"IRVING, WASHINGTON",FICTION / Short Stories (single author),"{'Alhambra (Granada, Spain) -- Fiction', 'Irving, Washington, 1783-1859 -- Travel -- Spain', 'Spain -- Social life and customs -- Fiction', 'Alhambra (Granada, Spain)', 'Palaces -- Spain -- Granada', 'Spain -- Social life and customs', 'Palaces -- Spain -- Granada -- Fiction'}",FICTION,SHORT STORIES (SINGLE AUTHOR),FICTION SHORT STORIES (SINGLE AUTHOR)
409,62926,"HISTORIA DEL FAMOSO PREDICADOR FRAY GERUNDIO DE CAMPAZAS, ALIAS ZOTES (1 DE 2)","ISLA, JOSÉ FRANCISCO DE",FICTION / Satire,{'Spanish fiction -- 18th century'},FICTION,SATIRE,FICTION SATIRE
410,63700,"HISTORIA DEL FAMOSO PREDICADOR FRAY GERUNDIO DE CAMPAZAS, ALIAS ZOTES (2 DE 2)","ISLA, JOSÉ FRANCISCO DE",FICTION / Satire,{'Spanish fiction -- 18th century'},FICTION,SATIRE,FICTION SATIRE
411,39209,PLATERO Y YO,"JIMÉNEZ, JUAN RAMÓN",POETRY / European,"{'Authors -- Fiction', 'Donkeys -- Fiction', 'Andalusia (Spain) -- Social life and customs -- Fiction'}",POETRY,EUROPEAN,POETRY
412,9980,PLATERO Y YO,"JIMÉNEZ, JUAN RAMÓN",POETRY / European,"{'Authors -- Fiction', 'Donkeys -- Fiction', 'Andalusia (Spain) -- Social life and customs -- Fiction'}",POETRY,EUROPEAN,POETRY
413,65738,EL CONDE LUCANOR,"JUAN MANUEL, INFANTE OF CASTILE",FICTION / Classics,"{'Spanish literature', 'Tales, Medieval'}",FICTION,CLASSICS,FICTION CLASSICS
414,74087,"OBRAS SELECTAS DE LA CELEBRE MONJA DE MEJICO, SOR JUANA INES DE LA CRUZ : $B PRECEDIDAS DE SU BIOGRAFIA Y JUICIO CRÍTICO SOBRE TODAS SUS PRODUCCIONES","JUANA INÉS DE LA CRUZ, SISTER",LITERARY COLLECTIONS / Women Authors,{'Mexican literature -- 17th century'},LITERARY COLLECTIONS,WOMEN AUTHORS,LITERARY COLLECTIONS
415,46771,COMENTARIOS A LA CONSTITUCION DE LOS ESTADOS UNIDOS DE AMÉRICA,"KENT, JAMES",POLITICAL SCIENCE / Constitutions,{'Constitutional law -- United States'},POLITICAL SCIENCE,CONSTITUTIONS,POLITICAL SCIENCE
416,69552,EL LIBRO DE LAS TIERRAS VÍRGENES,"KIPLING, RUDYARD",FICTION / Classics,"{'Mowgli (Fictitious character) -- Fiction', 'Feral children -- Fiction', 'Short stories', 'Adventure stories, English', 'Jungle animals -- Fiction', 'Animals -- Fiction', 'India -- Fiction', 'Jungles -- Fiction', 'India -- History -- 19th century -- Fiction'}",FICTION,CLASSICS,FICTION CLASSICS
417,27121,MI TIO Y MI CURA,"LA BRÈTE, JEAN DE",FICTION / Literary,{'French fiction -- Translations into Spanish'},FICTION,LITERARY,FICTION LITERARY
418,54386,PARIS EN AMÉRICA,"LABOULAYE, ÉDOUARD",FICTION / Satire,"{'United States -- Social life and customs -- 1783-1865', 'United States -- Description and travel'}",FICTION,SATIRE,FICTION SATIRE
419,42705,LA EMANCIPACION DE LOS ESCLAVOS EN LOS ESTADOS UNIDOS,"LABRA, RAFAEL M. DE (RAFAEL MARÍA)",HISTORY / United States,"{'Freed persons', 'Reconstruction (U.S. history, 1865-1877)', 'Enslaved persons -- Emancipation -- United States'}",HISTORY,UNITED STATES,HISTORY
420,29301,"EL MANUSCRITO DE MI MADRE: AUMENTADO CON LAS COMENTARIOS, PRÓLOGO Y EPÍLOGO","LAMARTINE, ALIX DE",FICTION / Family Life,"{'Lamartine, Alix de, 1766-1829 -- Diaries', 'France -- Social life and customs -- 19th century'}",FICTION,FAMILY LIFE,FICTION OTHERS
421,59244,SI YO FUERA RICO! NOVELA ORIGINAL,"LARRA, LUIS MARIANO DE",FICTION / Literary,{'Spanish fiction -- 19th century'},FICTION,LITERARY,FICTION LITERARY
422,31541,FÍGARO (ARTÍCULOS SELECTOS),"LARRA, MARIANO JOSÉ DE",LITERARY COLLECTIONS / Essays,{'Spanish essays'},LITERARY COLLECTIONS,ESSAYS,LITERARY COLLECTIONS
423,53587,"EL DONCEL DE DON ENRIQUE EL DOLIENTE, TOMO I (DE 4): HISTORIA CABALLERESCA DEL SIGLO QUINCE","LARRA, MARIANO JOSÉ DE",FICTION / Historical,"{'Henry III, King of Castile and León, 1379-1406 -- Fiction'}",FICTION,HISTORICAL,FICTION HISTORICAL
424,53588,"EL DONCEL DE DON ENRIQUE EL DOLIENTE, TOMO II (DE 4): HISTORIA CABALLERESCA DEL SIGLO QUINCE","LARRA, MARIANO JOSÉ DE",FICTION / Historical,"{'Henry III, King of Castile and León, 1379-1406 -- Fiction'}",FICTION,HISTORICAL,FICTION HISTORICAL
425,53589,"EL DONCEL DE DON ENRIQUE EL DOLIENTE, TOMO III (DE 4): HISTORIA CABALLERESCA DEL SIGLO QUINCE","LARRA, MARIANO JOSÉ DE",FICTION / Historical,"{'Henry III, King of Castile and León, 1379-1406 -- Fiction'}",FICTION,HISTORICAL,FICTION HISTORICAL
426,53590,"EL DONCEL DE DON ENRIQUE EL DOLIENTE, TOMO IV (DE 4): HISTORIA CABALLERESCA DEL SIGLO QUINCE","LARRA, MARIANO JOSÉ DE",FICTION / Historical,"{'Henry III, King of Castile and León, 1379-1406 -- Fiction'}",FICTION,HISTORICAL,FICTION HISTORICAL
427,67676,"OBRAS COMPLETAS DE FÍGARO, TOMO 1","LARRA, MARIANO JOSÉ DE",LITERARY COLLECTIONS / Essays,{'Spanish literature -- 19th century'},LITERARY COLLECTIONS,ESSAYS,LITERARY COLLECTIONS
428,68444,"OBRAS COMPLETAS DE FÍGARO, TOMO 2","LARRA, MARIANO JOSÉ DE",LITERARY COLLECTIONS / Essays,{'Spanish literature -- 19th century'},LITERARY COLLECTIONS,ESSAYS,LITERARY COLLECTIONS
429,29920,LA GLORIA DE DON RAMIRO: UNA VIDA EN TIEMPOS DE FELIPE SEGUNDO,"LARRETA, ENRIQUE",FICTION / Historical,"{'Spain -- History -- Philip II, 1556-1598 -- Fiction'}",FICTION,HISTORICAL,FICTION HISTORICAL
430,45945,ANTAÑO I OGAÑO: NOVELAS I CUENTOS DE LA VIDA HISPANO-AMERICANA,"LASTARRIA, JOSÉ VICTORINO",FICTION / Short Stories (single author),{'Chilean fiction'},FICTION,SHORT STORIES (SINGLE AUTHOR),FICTION SHORT STORIES (SINGLE AUTHOR)
431,71275,"LA AMÉRICA, TOMO I","LASTARRIA, JOSÉ VICTORINO",HISTORY / Latin America,"{'America -- Politics and government', 'Europe -- Politics and government', 'Latin America -- History', 'Latin America -- Politics and government'}",HISTORY,LATIN AMERICA,HISTORY
432,63424,CUENTOS POPULARES EN CHILE,"LAVAL, RAMÓN A. (RAMÓN ARMINIO)",SOCIAL SCIENCE / Folklore & Mythology,"{'Folklore -- Chile', 'Tales -- Chile'}",SOCIAL SCIENCE,FOLKLORE & MYTHOLOGY,SOCIAL SCIENCE
433,69164,CUENTOS CHILENOS DE NUNCA ACABAR,"LAVAL, RAMÓN A. (RAMÓN ARMINIO)",FICTION / Short Stories (single author),"{'Folklore -- Chile', 'Folk literature, Chilean -- History and criticism', 'Tales -- Chile', 'Chile -- Social life and customs'}",FICTION,SHORT STORIES (SINGLE AUTHOR),FICTION SHORT STORIES (SINGLE AUTHOR)
434,29830,EL TESORO MISTERIOSO,"LE QUEUX, WILLIAM",FICTION / Action & Adventure,{'Detective and mystery stories'},FICTION,ACTION & ADVENTURE,FICTION OTHERS
435,50492,HISTORIA DE GIL BLAS DE SANTILLANA: NOVELA (VOL 1 DE 3),"LE SAGE, ALAIN RENÉ",FICTION / Literary,"{'Blas, Gil (Fictitious character) -- Fiction', 'Adventure and adventurers -- Fiction'}",FICTION,LITERARY,FICTION LITERARY
436,52682,HISTORIA DE GIL BLAS DE SANTILLANA: NOVELA (VOL 2 DE 3),"LE SAGE, ALAIN RENÉ",FICTION / Literary,"{'Blas, Gil (Fictitious character) -- Fiction', 'Adventure and adventurers -- Fiction'}",FICTION,LITERARY,FICTION LITERARY
437,55796,HISTORIA DE GIL BLAS DE SANTILLANA: NOVELA (VOL 3 DE 3),"LE SAGE, ALAIN RENÉ",FICTION / Literary,"{'Blas, Gil (Fictitious character) -- Fiction', 'Adventure and adventurers -- Fiction'}",FICTION,LITERARY,FICTION LITERARY
438,27034,ENTREVISTAS (1998-2001),"LEBERT, MARIE",LITERARY COLLECTIONS / Interviews,"{'Internet', 'World Wide Web'}",LITERARY COLLECTIONS,INTERVIEWS,LITERARY COLLECTIONS
439,27048,LAS TECNOLOGÍAS Y EL LIBRO PARA TODOS,"LEBERT, MARIE",LITERARY CRITICISM / Books & Reading,"{'Electronic books', 'Internet', 'World Wide Web'}",LITERARY CRITICISM,BOOKS & READING,LITERARY CRITICISM
440,29803,UNA HISTORIA DEL EBOOK,"LEBERT, MARIE",COMPUTERS / Digital Media,{'Electronic books'},COMPUTERS,DIGITAL MEDIA,OTHERS
441,30716,EL INTERNET Y LOS IDIOMAS [ALREDEDOR DEL AÑO 2000],"LEBERT, MARIE",LANGUAGE ARTS & DISCIPLINES / Linguistics,{'World Wide Web'},LANGUAGE ARTS & DISCIPLINES,LINGUISTICS,OTHERS
442,31633,EL PROYECTO GUTENBERG (1971-2009),"LEBERT, MARIE",COMPUTERS / Digital Media,{'Project Gutenberg'},COMPUTERS,DIGITAL MEDIA,OTHERS
443,33461,BOOKNOLOGÍA: EL LIBRO DIGITAL (1971-2010),"LEBERT, MARIE",COMPUTERS / Digital Media,{'Electronic books'},COMPUTERS,DIGITAL MEDIA,OTHERS
444,34091,DEL LIBRO IMPRESO AL LIBRO DIGITAL,"LEBERT, MARIE",COMPUTERS / Digital Media,{'Electronic books'},COMPUTERS,DIGITAL MEDIA,OTHERS
445,36986,EL EBOOK TIENE 40 AÑOS (1971-2011),"LEBERT, MARIE",COMPUTERS / Digital Media,{'Electronic books'},COMPUTERS,DIGITAL MEDIA,OTHERS
446,42023,"LA WEB, UNA ENCICLOPEDIA MULTILINGÜE","LEBERT, MARIE",COMPUTERS / Internet,{'World Wide Web'},COMPUTERS,INTERNET,OTHERS
447,26845,INCERTIDUMBRE,"LECOMTE DU NOÜY, HERMINE OUDINOT",SCIENCE / Philosophy & Social Aspects,{'French fiction -- Translations into Spanish'},SCIENCE,PHILOSOPHY & SOCIAL ASPECTS,OTHERS
448,44305,EL MULATO PLÁCIDO O EL POETA MÁRTIR,"LEMOINE, JOAQUÍN",FICTION / Historical,{'Historical fiction'},FICTION,HISTORICAL,FICTION HISTORICAL
449,61573,LA PERFECTA CASADA,"LEÓN, LUIS DE",RELIGION / Christian Living,{'Marriage -- Early works to 1800'},RELIGION,CHRISTIAN LIVING,RELIGION
450,57505,EL TRATADO DE LA PINTURA,"LEONARDO, DA VINCI",ART / Techniques,"{'Leonardo, da Vinci, 1452-1519', 'Alberti, Leon Battista, 1404-1472', 'Painting -- Early works to 1800'}",ART,TECHNIQUES,OTHERS
451,25054,ADRIANA ZUMARÁN (NOVELA),"LEUMANN, CARLOS ALBERTO",FICTION / Literary,{'Fiction'},FICTION,LITERARY,FICTION LITERARY
452,39579,"DESCRIPCIÓN COLONIAL, LIBRO PRIMERO (1/2)","LIZÁRRAGA, REGINALDO DE",HISTORY / Latin America,"{'America -- Early accounts to 1600', 'South America -- Description and travel'}",HISTORY,LATIN AMERICA,HISTORY
453,40724,"DESCRIPCIÓN COLONIAL, LIBRO SEGUNDO (2/2)","LIZÁRRAGA, REGINALDO DE",HISTORY / Latin America,"{'America -- Early accounts to 1600', 'South America -- Description and travel'}",HISTORY,LATIN AMERICA,HISTORY
454,31724,LA GRAN ALDEA; COSTUMBRES BONAERENSES,"LÓPEZ, LUCIO VICENTE",FICTION / Historical,"{'Buenos Aires (Argentina) -- Social life and customs -- 19th century -- Fiction', 'Argentine fiction -- 19th century'}",FICTION,HISTORICAL,FICTION HISTORICAL
455,18289,DIARIO DE UN VIAGE A LA COSTA DE LA MAR MAGALLANICA,"LOZANO, PEDRO",HISTORY / Expeditions & Discoveries,"{'Patagonia (Argentina and Chile) -- Description and travel', 'Argentina -- Discovery and exploration'}",HISTORY,EXPEDITIONS & DISCOVERIES,HISTORY
456,56451,"EL PAYADOR, VOL. I: HIJO DE LA PAMPA","LUGONES, LEOPOLDO",POETRY / General,"{'Hernández, José, 1834-1886. Martín Fierro', 'Gauchos -- Argentina', 'Folk songs, Spanish -- Argentina -- History and criticism'}",POETRY,GENERAL,POETRY
457,64668,EL IMPERIO JESUÍTICO,"LUGONES, LEOPOLDO",HISTORY / Latin America,"{'Indians of South America -- Missions -- Paraguay', 'Jesuits -- Missions -- Paraguay', 'Paraguay -- History -- To 1811', 'Guarani Indians -- Missions'}",HISTORY,LATIN AMERICA,HISTORY
458,65689,LAS FUERZAS EXTRAÑAS,"LUGONES, LEOPOLDO",FICTION / Horror,"{'Science fiction, Argentine', 'Argentine fiction -- 20th century', 'Short stories, Argentine'}",FICTION,HORROR,FICTION OTHERS
459,61739,LOS EXPLORADORES ESPAÑOLES DEL SIGLO XVI,"LUMMIS, CHARLES FLETCHER",HISTORY / Europe,"{'New Mexico -- History -- To 1848', 'Peru -- History -- Conquest, 1522-1548', 'America -- Discovery and exploration -- Spanish'}",HISTORY,EUROPE,HISTORY
460,14722,CONTESTACIONES Y CONSIDERACIONES: AL PUEBLO Y CONGRESO NORTE-AMERICANOS,"MABINI, APOLINARIO",POLITICAL SCIENCE / Political Ideologies,"{'Philippines -- History -- Philippine American War, 1899-1902'}",POLITICAL SCIENCE,POLITICAL IDEOLOGIES,POLITICAL SCIENCE
461,49437,PÁGINAS ESCOGIDAS,"MACHADO, ANTONIO",LITERARY COLLECTIONS / European,{'Spanish poetry'},LITERARY COLLECTIONS,EUROPEAN,LITERARY COLLECTIONS
462,68525,POESÍAS COMPLETAS,"MACHADO, ANTONIO",POETRY / European,{'Spanish poetry'},POETRY,EUROPEAN,POETRY
463,37590,CÓRDOBA,"MADRAZO, PEDRO D.",TRAVEL / Europe,{'Córdoba (Spain) -- Description and travel'},TRAVEL,EUROPE,TRAVEL
464,29610,LAS SOLTERONAS,"MANCEY, CLAUDE",FICTION / Literary,{'Single women -- Fiction'},FICTION,LITERARY,FICTION LITERARY
465,49333,COPLAS POR LA MUERTE DE SU PADRE,"MANRIQUE, JORGE",POETRY / European,{'Bereavement -- Poetry'},POETRY,EUROPEAN,POETRY
466,63600,UNA EXCURSIÓN A LOS INDIOS RANQUELES - TOMO 1,"MANSILLA, LUCIO V.",HISTORY / Latin America,"{'Ranquel Indians', 'Argentina -- Description and travel'}",HISTORY,LATIN AMERICA,HISTORY
467,63767,UNA EXCURSIÓN A LOS INDIOS RANQUELES - TOMO 2,"MANSILLA, LUCIO V.",HISTORY / Latin America,"{'Ranquel Indians', 'Argentina -- Description and travel'}",HISTORY,LATIN AMERICA,HISTORY
468,66902,LOS DESPOSADOS: HISTORIA MILANESA DEL SIGLO XVII - TOMO 1,"MANZONI, ALESSANDRO",FICTION / Historical,"{'Plague -- Fiction', 'Milan (Italy) -- Fiction', 'Italian fiction -- Translations into Spanish', 'Historical fiction', 'Italy -- History -- 1559-1789 -- Fiction'}",FICTION,HISTORICAL,FICTION HISTORICAL
469,67231,LOS DESPOSADOS: HISTORIA MILANESA DEL SIGLO XVII - TOMO 2,"MANZONI, ALESSANDRO",FICTION / Historical,"{'Plague -- Fiction', 'Milan (Italy) -- Fiction', 'Italian fiction -- Translations into Spanish', 'Historical fiction', 'Italy -- History -- 1559-1789 -- Fiction'}",FICTION,HISTORICAL,FICTION HISTORICAL
470,63359,SAN IGNACIO DE LOYOLA,"MARCOS, BENJAMÍN",BIOGRAPHY & AUTOBIOGRAPHY / Religious,"{'Ignatius, of Loyola, Saint, 1491-1556'}",BIOGRAPHY & AUTOBIOGRAPHY,RELIGIOUS,BIOGRAPHY & AUTOBIOGRAPHY
471,62211,NUEVAS INVESTIGACIONES SOBRE EL ORIGEN DEL NOMBRE AMÉRICA,"MARCOU, JULES",HISTORY / Expeditions & Discoveries,"{'Vespucci, Amerigo, 1451-1512', 'America -- Names'}",HISTORY,EXPEDITIONS & DISCOVERIES,HISTORY
472,18166,AMISTAD FUNESTA: NOVELA,"MARTÍ, JOSÉ",FICTION / Historical,"{'Fiction', 'Martí, José, 1853-1895'}",FICTION,HISTORICAL,FICTION HISTORICAL
473,19898,LA EDAD DE ORO: PUBLICACIÓN MENSUAL DE RECREO E INSTRUCCIÓN DEDICADA A LOS NIÑOS DE AMÉRICA.,"MARTÍ, JOSÉ",JUVENILE NONFICTION / General,"{""Children's literature, Cuban -- Periodicals""}",JUVENILE NONFICTION,GENERAL,OTHERS
474,43861,GRANOS DE ORO: PENSAMIENTOS SELECCIONADOS EN LAS OBRAS DE JOSÉ MARTÍ,"MARTÍ, JOSÉ",LITERARY COLLECTIONS / Essays,"{'Martí, José, 1853-1895 -- Selections'}",LITERARY COLLECTIONS,ESSAYS,LITERARY COLLECTIONS
475,16201,PARNASO FILIPINO: ANTOLOGÍA DE POETAS DEL ARCHIPELAGO MAGELLANICO,"MARTÍN DE LA CÁMARA, EDUARDO",POETRY / Anthologies (multiple authors),"{'Philippines -- Biography', 'Philippine poetry (Spanish)'}",POETRY,ANTHOLOGIES (MULTIPLE AUTHORS),POETRY
476,26545,ANTONIO AZORÍN: PEQUEÑO LIBRO EN QUE SE HABLA DE LA VIDA DE ESTE PEREGRINO SEÑOR,"MARTÍNEZ RUIZ, JOSÉ",BIOGRAPHY & AUTOBIOGRAPHY / Literary Figures,"{'Azorín, 1873-1967'}",BIOGRAPHY & AUTOBIOGRAPHY,LITERARY FIGURES,BIOGRAPHY & AUTOBIOGRAPHY
477,67939,EL CAPITAL: RESUMIDO Y ACOMPAÑADO DE UN ESTUDIO SOBRE EL SOCIALISMO CIENTÍFICO,"MARX, KARL",POLITICAL SCIENCE / Political Ideologies,"{'Socialism', 'Wages', 'Economics', 'Capital'}",POLITICAL SCIENCE,POLITICAL IDEOLOGIES,POLITICAL SCIENCE
478,73105,GANARÁS EL PAN...,"MATA, PEDRO",FICTION / Literary,{'Spanish fiction -- 20th century'},FICTION,LITERARY,FICTION LITERARY
479,74908,CUENTOS ESCOGIDOS,"MAUPASSANT, GUY DE",FICTION / Short Stories (single author),"{'French fiction -- Translations into Spanish', 'Short stories, French -- Translations into Spanish'}",FICTION,SHORT STORIES (SINGLE AUTHOR),FICTION SHORT STORIES (SINGLE AUTHOR)
480,58261,VIDA DE CERVANTES,"MAYANS Y SISCAR, GREGORIO",BIOGRAPHY & AUTOBIOGRAPHY / Literary Figures,"{'Valencia (Spain) -- Intellectual life', 'Cervantes Saavedra, Miguel de, 1547-1616'}",BIOGRAPHY & AUTOBIOGRAPHY,LITERARY FIGURES,BIOGRAPHY & AUTOBIOGRAPHY
481,70058,"ORÍGENES DE LA NOVELA,  TOMO I","MENÉNDEZ Y PELAYO, MARCELINO",LITERARY CRITICISM / European,{'Spanish fiction -- History and criticism'},LITERARY CRITICISM,EUROPEAN,LITERARY CRITICISM
482,71733,ORÍGENES DE LA NOVELA  - TOMO II,"MENÉNDEZ Y PELAYO, MARCELINO",LITERARY CRITICISM / European,{'Spanish fiction -- History and criticism'},LITERARY CRITICISM,EUROPEAN,LITERARY CRITICISM
483,26284,EL MAR,"MICHELET, JULES",SCIENCE / Earth Sciences,"{'Ocean', 'Natural history'}",SCIENCE,EARTH SCIENCES,OTHERS
484,52837,LIBRO INTITULADO EL CORTESANO. LIBRO DE MOTES DE DAMAS Y CABALLEROS,"MILÁN, LUIS",SOCIAL SCIENCE / Customs & Traditions,"{'Courtesy -- Early works to 1800', 'Courts and courtiers -- Early works to 1800'}",SOCIAL SCIENCE,CUSTOMS & TRADITIONS,SOCIAL SCIENCE
485,67092,EL PARAÍSO PERDIDO,"MILTON, JOHN",POETRY / European,"{'Milton, John, 1608-1674', 'Milton, John, 1608-1674 -- Adaptations'}",POETRY,EUROPEAN,POETRY
486,35407,RIMAS,"MITRE, BARTOLOMÉ",POETRY / European,{'Poetry'},POETRY,EUROPEAN,POETRY
487,44173,FILOSOFÍA AMERICANA: ENSAYOS,"MOLINA, ENRIQUE",PHILOSOPHY / General,"{'Philosophy, American', 'National characteristics, American'}",PHILOSOPHY,GENERAL,PHILOSOPHY
488,73044,POR LAS DOS AMÉRICAS : $B NOTAS Y REFLEXIONES,"MOLINA, ENRIQUE",TRAVEL / Essays & Travelogues,"{'South America -- Description and travel', 'America -- Description and travel', 'United States -- Description and travel'}",TRAVEL,ESSAYS & TRAVELOGUES,TRAVEL
489,58194,TIRSO DE MOLINA,"MOLINA, TIRSO DE",LITERARY CRITICISM / European,"{'Spanish drama -- Classical period, 1500-1700'}",LITERARY CRITICISM,EUROPEAN,LITERARY CRITICISM
490,63464,NUESTRA PAMPA; LIBRO DE LECTURA,"MOLINS, W. JAIME (WENCESLAO JAIME)",HISTORY / Latin America,{'La Pampa (Argentina : Province) -- Description and travel'},HISTORY,LATIN AMERICA,HISTORY
491,68220,COMPENDIO DEL DERECHO PÚBLICO ROMANO,"MOMMSEN, THEODOR",LAW / Legal History,{'Constitutional law -- Rome'},LAW,LEGAL HISTORY,OTHERS
492,13516,EXPEDICIÓN DE CATALANES Y ARAGONESES AL ORIENTE,"MONCADA, FRANCISCO DE",HISTORY / Europe,"{'Byzantine Empire -- History -- Andronicus II Palaeologus, 1282-1328', 'Catalan Grand Company', 'Flor, Roger de, -1305'}",HISTORY,EUROPE,HISTORY
493,61700,"EL TRATADO DE PARÍS: CONFERENCIAS PRONUNCIADAS EN EL CÍRCULO DE LA UNIÓN MERCANTIL EN LOS DÍAS 22, 24 Y 27 DE FEBRERO DE 1904","MONTERO RÍOS, EUGENIO",HISTORY / Europe,{'Treaty of Peace between the United States and Spain (1898 December 10)'},HISTORY,EUROPE,HISTORY
494,63030,"TAUROMAQUIA COMPLETA, Ó SEA, EL ARTE DE TOREAR EN PLAZA","MONTES, FRANCISCO",SPORTS & RECREATION / General,{'Bullfights -- Spain'},SPORTS & RECREATION,GENERAL,OTHERS
495,30052,ESPLORACIÓN ARQUEOLÓGICA DE LA PROVINCIA DE CATAMARCA,"MORENO, FRANCISCO PASCASIO",SOCIAL SCIENCE / Archaeology,{'Catamarca (Argentina : Province) -- Antiquities'},SOCIAL SCIENCE,ARCHAEOLOGY,SOCIAL SCIENCE
496,18783,DIARIO DEL VIAJE AL RIO BERMEJO,"MORILLO, FRANCISCO",TRAVEL 	/ South America,"{'Gran Chaco -- Discovery and exploration', 'Bermejo River (Bolivia and Argentina) -- Discovery and exploration'}",TRAVEL,SOUTH AMERICA,TRAVEL
497,51130,"TRAGICOMEDIA DE LISANDRO Y ROSELIA: LLAMADA ELICIA, Y POR OTRO NOMBRE CUARTA OBRA Y TERCERA CELESTINA.","MUÑÓN, SANCHO DE, ACTIVE 1542",DRAMA / Renaissance,"{'Spanish drama -- Classical period, 1500-1700'}",DRAMA,RENAISSANCE,DRAMA
498,49013,LA VENGANZA DE DON MENDO,"MUÑOZ SECA, PEDRO",DRAMA / European,{'Spanish drama'},DRAMA,EUROPEAN,DRAMA
499,56251,COMPENDIO DE LA HISTORIA GENERAL DE AMÉRICA. TOMO I,"NAVARRO Y LAMARCA, CARLOS","HISTORY / Americas (North, Central, South, West Indies)","{'America -- History', 'Latin America -- History', 'Indians'}",HISTORY,"AMERICAS (NORTH, CENTRAL, SOUTH, WEST INDIES)",HISTORY
500,61465,APUNTES PARA UNA GRAMÁTICA VALENCIANA POPULAR,"NEBOT PÉREZ, JOSÉ",LANGUAGE ARTS & DISCIPLINES / Linguistics,"{'Catalan language -- Grammar', 'Catalan language -- Dialects -- Spain -- Valencia (Region)'}",LANGUAGE ARTS & DISCIPLINES,LINGUISTICS,OTHERS
501,61594,TRATADO DE ORTOGRAFÍA VALENCIANA CLÁSICA,"NEBOT PÉREZ, JOSÉ",LANGUAGE ARTS & DISCIPLINES / Grammar & Punctuation,"{'Catalan language -- Orthography and spelling', 'Catalan language -- Dialects -- Spain -- Valencia (Region)'}",LANGUAGE ARTS & DISCIPLINES,GRAMMAR & PUNCTUATION,OTHERS
502,15334,MINDANAO: SU HISTORIA Y GEOGRAFÍA,"NIETO AGUILAR, JOSÉ",HISTORY / Asia,{'Mindanao Island (Philippines)'},HISTORY,ASIA,HISTORY
503,52469,LA ANEXIÓN DE PUERTO-RICO A LOS ESTADOS UNIDOS DE AMERICA,"NIEVES, JUAN B.",HISTORY / Caribbean & West Indies,{'Puerto Rico -- Annexation to the United States'},HISTORY,CARIBBEAN & WEST INDIES,HISTORY
504,29105,EL PINTOR DE SALZBURGO,"NODIER, CHARLES",FICTION / Literary,"{'French fiction -- Translations into Spanish', 'Short stories, French -- Translations into Spanish'}",FICTION,LITERARY,FICTION LITERARY
505,26028,DESCRIPCION É HISTORIA DEL CASTILLO DE LA ALJAFERÍA: SITO  EXTRAMUROS DE LA CIUDAD DE ZARAGOZA,"NOUGUÉS SECALL, MARIANO",HISTORY / Europe,"{'Architecture, Islamic -- Spain -- Zaragoza', 'Aljafería (Zaragoza, Spain)', 'Palaces -- Spain -- Zaragoza'}",HISTORY,EUROPE,HISTORY
506,62356,DEFENSA OBLIGADA CONTRA ACUSACIONES GRATUITAS,"NOZALEDA, BERNARDINO",RELIGION / Christianity,"{'War -- Religious aspects', 'Spanish-American War, 1898 -- Religious aspects', 'Nozaleda, Bernardino 1844-1927', 'Spanish-American War, 1898 -- Personal narratives, Spanish'}",RELIGION,CHRISTIANITY,RELIGION
507,11071,NAUFRAGIOS DE ALVAR NÚÑEZ CABEZA DE VACA,"NÚÑEZ CABEZA DE VACA, ALVAR, ACTIVE 16TH CENTURY",BIOGRAPHY & AUTOBIOGRAPHY	 / Historical,"{'America -- Discovery and exploration -- Spanish', 'Southwestern States -- Description and travel', 'Núñez Cabeza de Vaca, Alvar, active 16th century', 'America -- Early accounts to 1600', 'Indians of North America -- Southwestern States', 'Explorers -- America -- Biography', 'Explorers -- Spain -- Biography'}",BIOGRAPHY & AUTOBIOGRAPHY,HISTORICAL,BIOGRAPHY & AUTOBIOGRAPHY
508,23035,QUILITO,"OCANTOS, CARLOS MARÍA",FICTION / Coming of Age,{'Fiction'},FICTION,COMING OF AGE,FICTION OTHERS
509,13904,UN ANTIGUO RENCOR,"OHNET, GEORGES",FICTION / Romance,{'Fiction'},FICTION,ROMANCE,FICTION ROMANCE
510,14236,EN EL FONDO DEL ABISMO: LA JUSTICIA INFALIBLE,"OHNET, GEORGES",FICTION / Psychological,{'Fiction'},FICTION,PSYCHOLOGICAL,FICTION OTHERS
511,13479,"DESCRIPCIÓN GEOGRAFICA, HISTÓRICA Y ESTADÍSTICA DE BOLIVIA, TOMO 1.","ORBIGNY, ALCIDE DESSALINES D'",HISTORY / South America,"{'Bolivia -- History, Local', 'Bolivia -- Description and travel'}",HISTORY,SOUTH AMERICA,HISTORY
512,57960,"HISTORIA DE AMÉRICA DESDE SUS TIEMPOS MÁS REMOTOS HASTA NUESTROS DÍAS, TOMO I","ORTEGA RUBIO, JUAN","HISTORY / Americas (North, Central, South, West Indies)",{'America -- History'},HISTORY,"AMERICAS (NORTH, CENTRAL, SOUTH, WEST INDIES)",HISTORY
513,62870,"HISTORIA DE AMÉRICA DESDE SUS TIEMPOS MÁS REMOTOS HASTA NUESTROS DÍAS, TOMO II","ORTEGA RUBIO, JUAN","HISTORY / Americas (North, Central, South, West Indies)",{'America -- History'},HISTORY,"AMERICAS (NORTH, CENTRAL, SOUTH, WEST INDIES)",HISTORY
514,47768,LA GENTE CURSI: NOVELA DE COSTUMBRES RIDÍCULAS,"ORTEGA Y FRÍAS, RAMÓN",FICTION / Satire,{'Spanish fiction -- 19th century'},FICTION,SATIRE,FICTION SATIRE
515,57448,MEDITACIONES DEL QUIJOTE,"ORTEGA Y GASSET, JOSÉ",PHILOSOPHY / Aesthetics,"{'Fiction', 'Cervantes Saavedra, Miguel de, 1547-1616. Don Quixote', 'Aesthetics'}",PHILOSOPHY,AESTHETICS,PHILOSOPHY
516,57982,ESPAÑA INVERTEBRADA: BOSQUEJO DE ALGUNOS PENSAMIENTOS HISTÓRICOS,"ORTEGA Y GASSET, JOSÉ",POLITICAL SCIENCE / History & Theory,{'Spain -- Civilization -- Philosophy'},POLITICAL SCIENCE,HISTORY & THEORY,POLITICAL SCIENCE
517,66337,METAMORFÓSEOS O TRANSFORMACIONES (1 DE 4),OVID,"POETRY / Ancient, Classical & Medieval","{'Classical literature', 'Metamorphosis -- Mythology', 'Fables, Latin -- Translations into Spanish', 'Mythology, Classical'}",POETRY,"ANCIENT, CLASSICAL & MEDIEVAL",POETRY
518,66338,METAMORFÓSEOS O TRANSFORMACIONES (2 DE 4),OVID,"POETRY / Ancient, Classical & Medieval","{'Classical literature', 'Metamorphosis -- Mythology', 'Fables, Latin -- Translations into Spanish', 'Mythology, Classical'}",POETRY,"ANCIENT, CLASSICAL & MEDIEVAL",POETRY
519,66339,METAMORFÓSEOS O TRANSFORMACIONES (3 DE 4),OVID,"POETRY / Ancient, Classical & Medieval","{'Classical literature', 'Metamorphosis -- Mythology', 'Fables, Latin -- Translations into Spanish', 'Mythology, Classical'}",POETRY,"ANCIENT, CLASSICAL & MEDIEVAL",POETRY
520,66340,METAMORFÓSEOS O TRANSFORMACIONES (4 DE 4),OVID,"POETRY / Ancient, Classical & Medieval","{'Classical literature', 'Metamorphosis -- Mythology', 'Fables, Latin -- Translations into Spanish', 'Mythology, Classical'}",POETRY,"ANCIENT, CLASSICAL & MEDIEVAL",POETRY
521,67961,EL ARTE DE AMAR,OVID,POETRY / Love & Erotica,"{'Ovid, 43 B.C.-17 A.D. or 18 A.D. -- Translations into Spanish', 'Love poetry, Latin -- Translations into Spanish', 'Man-woman relationships -- Rome -- Poetry', 'Didactic poetry, Latin -- Translations into Spanish', 'Erotic poetry, Latin -- Translations into Spanish', 'Seduction -- Poetry'}",POETRY,LOVE & EROTICA,POETRY
522,68015,AMORES: ELEGÍAS AMATORIAS,OVID,POETRY / Love & Erotica,"{'Love poetry, Latin -- Translations into Spanish'}",POETRY,LOVE & EROTICA,POETRY
523,11529,"LA ESPUMA: OBRAS COMPLETAS DE D. ARMANDO PALACIO VALDÉS, TOMO 7.","PALACIO VALDÉS, ARMANDO",FICTION / Literary,"{'Satire', 'Madrid (Spain) -- Social life and customs -- Fiction', 'Spanish fiction'}",FICTION,LITERARY,FICTION LITERARY
524,24601,EL CUARTO PODER,"PALACIO VALDÉS, ARMANDO",FICTION / Political,{'Spanish fiction'},FICTION,POLITICAL,FICTION OTHERS
525,25777,EL IDILIO DE UN ENFERMO,"PALACIO VALDÉS, ARMANDO",FICTION / Psychological,{'Spanish fiction'},FICTION,PSYCHOLOGICAL,FICTION OTHERS
526,26655,TRISTÁN O EL PESIMISMO,"PALACIO VALDÉS, ARMANDO",FICTION / Literary,{'Spanish fiction'},FICTION,LITERARY,FICTION LITERARY
527,27738,HEATH'S MODERN LANGUAGE SERIES: JOSÉ,"PALACIO VALDÉS, ARMANDO",FICTION / Bildungsroman,{'Spanish language -- Textbooks for foreign speakers -- English'},FICTION,BILDUNGSROMAN,FICTION OTHERS
528,29831,RIVERITA,"PALACIO VALDÉS, ARMANDO",FICTION / Coming of Age,{'Spanish fiction'},FICTION,COMING OF AGE,FICTION OTHERS
529,30053,"LOS PURITANOS, Y OTROS CUENTOS","PALACIO VALDÉS, ARMANDO",FICTION / Short Stories,"{'Short stories, Spanish'}",FICTION,SHORT STORIES,FICTION OTHERS
530,30425,EL MAESTRANTE,"PALACIO VALDÉS, ARMANDO",FICTION / Literary,{'Spanish fiction'},FICTION,LITERARY,FICTION LITERARY
531,30535,EL ORIGEN DEL PENSAMIENTO,"PALACIO VALDÉS, ARMANDO",PHILOSOPHY / General,{'Spanish fiction'},PHILOSOPHY,GENERAL,PHILOSOPHY
532,31013,LA HERMANA SAN SULPICIO,"PALACIO VALDÉS, ARMANDO",FICTION / Romance,{'Spanish fiction'},FICTION,ROMANCE,FICTION ROMANCE
533,31637,LA FE,"PALACIO VALDÉS, ARMANDO",FICTION / Religious,{'Spanish fiction'},FICTION,RELIGIOUS,FICTION OTHERS
534,32235,AGUAS FUERTES,"PALACIO VALDÉS, ARMANDO",FICTION / Literary,{'Spanish fiction'},FICTION,LITERARY,FICTION LITERARY
535,32364,MARTA Y MARÍA: NOVELA DE COSTUMBRES,"PALACIO VALDÉS, ARMANDO",FICTION / Family Life,{'Spanish fiction'},FICTION,FAMILY LIFE,FICTION OTHERS
536,36573,LA ALDEA PERDIDA: NOVELA-POEMA DE COSTUMBRES CAMPESINAS,"PALACIO VALDÉS, ARMANDO",FICTION / Cultural Heritage,{'Spanish fiction'},FICTION,CULTURAL HERITAGE,FICTION OTHERS
537,36940,EL SEÑORITO OCTAVIO,"PALACIO VALDÉS, ARMANDO",FICTION / Literary,{'Spanish fiction'},FICTION,LITERARY,FICTION LITERARY
538,37637,LOS MAJOS DE CÁDIZ,"PALACIO VALDÉS, ARMANDO",FICTION / Historical,{'Spanish fiction'},FICTION,HISTORICAL,FICTION HISTORICAL
539,38814,LA NOVELA DE UN NOVELISTA,"PALACIO VALDÉS, ARMANDO",LITERARY CRITICISM / European,{'Spanish fiction'},LITERARY CRITICISM,EUROPEAN,LITERARY CRITICISM
540,39444,PÁGINAS ESCOGIDAS,"PALACIO VALDÉS, ARMANDO",LITERARY COLLECTIONS / European,{'Spanish fiction'},LITERARY COLLECTIONS,EUROPEAN,LITERARY COLLECTIONS
541,39613,PAPELES DEL DOCTOR ANGÉLICO,"PALACIO VALDÉS, ARMANDO",FICTION / Medical,{'Spanish fiction'},FICTION,MEDICAL,FICTION OTHERS
542,39990,AÑOS DE JUVENTUD DEL DOCTOR ANGÉLICO,"PALACIO VALDÉS, ARMANDO",FICTION / Coming of Age,{'Spanish fiction'},FICTION,COMING OF AGE,FICTION OTHERS
543,40810,MAXIMINA,"PALACIO VALDÉS, ARMANDO",FICTION / Family Life,{'Spanish fiction'},FICTION,FAMILY LIFE,FICTION OTHERS
544,42323,LA GUERRA INJUSTA; CARTAS DE UN ESPAÑOL,"PALACIO VALDÉS, ARMANDO",HISTORY / Military,"{'World War, 1914-1918 -- France'}",HISTORY,MILITARY,HISTORY
545,42376,SEMBLANZAS LITERARIAS,"PALACIO VALDÉS, ARMANDO",LITERARY CRITICISM / General,"{'Spanish literature', 'Authors, Spanish'}",LITERARY CRITICISM,GENERAL,LITERARY CRITICISM
546,42727,LA ALEGRÍA DEL CAPITÁN RIBOT,"PALACIO VALDÉS, ARMANDO",FICTION / Romance,{'Spanish fiction'},FICTION,ROMANCE,FICTION ROMANCE
547,34565,CRÓNICAS DE MARIANELA,"PALMA, ANGÉLICA",LITERARY COLLECTIONS / Women Authors,"{'Fiction', 'Short stories'}",LITERARY COLLECTIONS,WOMEN AUTHORS,LITERARY COLLECTIONS
548,21282,TRADICIONES PERUANAS,"PALMA, RICARDO",HISTORY / Latin America,"{'Legends -- Peru', 'Peru -- History'}",HISTORY,LATIN AMERICA,HISTORY
549,17406,UN VIAJE DE NOVIOS,"PARDO BAZÁN, EMILIA, CONDESA DE",FICTION / Romance / General,{'Spanish fiction'},FICTION,ROMANCE,FICTION ROMANCE
550,17491,LA TRIBUNA,"PARDO BAZÁN, EMILIA, CONDESA DE",FICTION / Political,"{'Political satire, Spanish', 'Spain -- Social life and customs -- Fiction'}",FICTION,POLITICAL,FICTION OTHERS
551,18005,LOS PAZOS DE ULLOA,"PARDO BAZÁN, EMILIA, CONDESA DE",FICTION / Literary,"{'Galicia (Spain : Region) -- Fiction', 'Clergy -- Fiction', 'Aristocracy (Social class) -- Fiction'}",FICTION,LITERARY,FICTION LITERARY
552,49756,LA QUIMERA,"PARDO BAZÁN, EMILIA, CONDESA DE",FICTION / Psychological,{'Spanish fiction -- 20th century'},FICTION,PSYCHOLOGICAL,FICTION OTHERS
553,51450,LA SIRENA NEGRA,"PARDO BAZÁN, EMILIA, CONDESA DE",FICTION / Gothic,"{'Death -- Fiction', 'Spanish fiction'}",FICTION,GOTHIC,FICTION OTHERS
554,52597,INSOLACIÓN Y MORRIÑA (DOS HISTORIAS AMOROSAS),"PARDO BAZÁN, EMILIA, CONDESA DE",FICTION / Romance,"{'Romance fiction, Spanish', 'Spanish fiction -- 19th century'}",FICTION,ROMANCE,FICTION ROMANCE
555,54791,EL TESORO DE GASTÓN: NOVELA,"PARDO BAZÁN, EMILIA, CONDESA DE",FICTION / Historical,{'Spanish fiction -- 19th century'},FICTION,HISTORICAL,FICTION HISTORICAL
556,55514,CUENTOS DE AMOR,"PARDO BAZÁN, EMILIA, CONDESA DE",FICTION / Short Stories (single author),"{'Short stories, Spanish', 'Romance fiction, Spanish'}",FICTION,SHORT STORIES (SINGLE AUTHOR),FICTION SHORT STORIES (SINGLE AUTHOR)
557,55812,CUENTOS DE NAVIDAD Y REYES; CUENTOS DE LA PATRIA; CUENTOS ANTIGUOS,"PARDO BAZÁN, EMILIA, CONDESA DE",FICTION / Short Stories (single author),"{'Short stories, Spanish', 'Spanish fiction'}",FICTION,SHORT STORIES (SINGLE AUTHOR),FICTION SHORT STORIES (SINGLE AUTHOR)
558,55882,LA DAMA JOVEN,"PARDO BAZÁN, EMILIA, CONDESA DE",FICTION / Literary,{'Spanish fiction -- 19th century'},FICTION,LITERARY,FICTION LITERARY
559,56044,DULCE DUEÑO,"PARDO BAZÁN, EMILIA, CONDESA DE",FICTION / Romance,{'Spanish fiction -- 20th century'},FICTION,ROMANCE,FICTION ROMANCE
560,58059,LA MADRE NATURALEZA (2ª PARTE DE LOS PAZOS DE ULLOA),"PARDO BAZÁN, EMILIA, CONDESA DE",FICTION / Literary,"{'Aristocracy (Social class) -- Spain -- Fiction', 'Love stories', 'Social classes -- Spain -- Fiction', 'Siblings -- Fiction', 'Clergy -- Spain -- Fiction', 'Galicia (Spain : Region) -- Fiction', 'Country life -- Spain -- Galicia (Region) -- Fiction', 'Incest -- Fiction'}",FICTION,LITERARY,FICTION LITERARY
561,60137,UNA CRISTIANA,"PARDO BAZÁN, EMILIA, CONDESA DE",FICTION / Religious,{'Spanish fiction -- 19th century'},FICTION,RELIGIOUS,FICTION OTHERS
562,65632,LA PRUEBA,"PARDO BAZÁN, EMILIA, CONDESA DE",FICTION / Family Life,{'Spanish fiction'},FICTION,FAMILY LIFE,FICTION OTHERS
563,68452,LA PIEDRA ANGULAR: NOVELA,"PARDO BAZÁN, EMILIA, CONDESA DE",FICTION / Political,"{'Executions and executioners -- Fiction', 'Nineteenth century -- Fiction', 'Spain -- Social conditions -- 19th century -- Fiction', 'Conduct of life -- Fiction', 'Capital punishment -- Moral and ethical aspects -- Fiction', 'Fathers and sons -- Fiction'}",FICTION,POLITICAL,FICTION OTHERS
564,71469,EL CISNE DE VILAMORTA,"PARDO BAZÁN, EMILIA, CONDESA DE",FICTION / Literary,{'Spanish fiction -- 19th century'},FICTION,LITERARY,FICTION LITERARY
565,15421,CONTRIBUCION PARA EL ESTUDIO DE LOS ANTIGUOS ALFABETOS FILIPINOS,"PARDO DE TAVERA, T. H. (TRINIDAD HERMENEGILDO)",LANGUAGE ARTS & DISCIPLINES / Linguistics,{'Philippine languages -- Alphabets'},LANGUAGE ARTS & DISCIPLINES,LINGUISTICS,OTHERS
566,15633,ETIMOLOGÍA DE LOS NOMBRES DE RAZAS DE FILIPINAS,"PARDO DE TAVERA, T. H. (TRINIDAD HERMENEGILDO)",SOCIAL SCIENCE / Anthropology,{'Ethnology -- Philippines'},SOCIAL SCIENCE,ANTHROPOLOGY,SOCIAL SCIENCE
567,15757,CONSIDERACIONES SOBRE EL ORIGEN DEL NOMBRE DE LOS NÚMEROS EN TAGALOG,"PARDO DE TAVERA, T. H. (TRINIDAD HERMENEGILDO)",LANGUAGE ARTS & DISCIPLINES / Linguistics,{'Tagalog language -- Numerals'},LANGUAGE ARTS & DISCIPLINES,LINGUISTICS,OTHERS
568,31066,EL LEGADO DEL IGNORANTISMO: CONFERENCIA DADA EL 23 DE ABRIL DE 1920 ANTE LA ASAMBLEA DE MAESTROS EN BAGUIO,"PARDO DE TAVERA, T. H. (TRINIDAD HERMENEGILDO)",EDUCATION / History,"{'Church and education -- Philippines', 'Education -- Philippines'}",EDUCATION,HISTORY,OTHERS
569,58425,"MITOS, SUPERSTICIONES Y SUPERVIVENCIAS POPULARES DE BOLIVIA","PAREDES, M. RIGOBERTO (MANUEL RIGOBERTO)",SOCIAL SCIENCE / Folklore & Mythology,"{'Indians of South America -- Bolivia -- Social life and customs', 'Indian mythology -- Bolivia', 'Folklore -- Bolivia'}",SOCIAL SCIENCE,FOLKLORE & MYTHOLOGY,SOCIAL SCIENCE
570,60634,DIVERTIDAS AVENTURAS DEL NIETO DE JUAN MOREIRA,"PAYRÓ, ROBERTO JORGE",FICTION / Historical,{'Argentine fiction -- 20th century'},FICTION,HISTORICAL,FICTION HISTORICAL
571,62785,PAGO CHICO,"PAYRÓ, ROBERTO JORGE",FICTION / Short Stories (single author),{'Argentine fiction -- 20th century'},FICTION,SHORT STORIES (SINGLE AUTHOR),FICTION SHORT STORIES (SINGLE AUTHOR)
572,62952,EL CASAMIENTO DE LAUCHA,"PAYRÓ, ROBERTO JORGE",FICTION / Humorous,{'Argentine fiction -- 20th century'},FICTION,HUMOROUS,FICTION OTHERS
573,12627,ESCENAS MONTAÑESAS,"PEREDA, JOSÉ MARÍA DE",FICTION / Literary,{'Spanish literature'},FICTION,LITERARY,FICTION LITERARY
574,14995,LOS HOMBRES DE PRO,"PEREDA, JOSÉ MARÍA DE",FICTION / Literary,{'Fiction'},FICTION,LITERARY,FICTION LITERARY
575,23957,AL PRIMER VUELO,"PEREDA, JOSÉ MARÍA DE",FICTION / Literary,{'Spanish fiction -- 19th century'},FICTION,LITERARY,FICTION LITERARY
576,24127,PEÑAS ARRIBA,"PEREDA, JOSÉ MARÍA DE",FICTION / Literary,{'Spanish fiction -- 19th century'},FICTION,LITERARY,FICTION LITERARY
577,25812,LA MONTÁLVEZ,"PEREDA, JOSÉ MARÍA DE",FICTION / Literary,"{'Madrid (Spain) -- Social life and customs -- Fiction', 'Spanish fiction -- 19th century'}",FICTION,LITERARY,FICTION LITERARY
578,49388,SOTILEZA,"PEREDA, JOSÉ MARÍA DE",FICTION / Literary,"{'Spanish fiction -- 19th century', 'Fishers -- Fiction'}",FICTION,LITERARY,FICTION LITERARY
579,53429,EL SABOR DE LA TIERRUCA,"PEREDA, JOSÉ MARÍA DE",FICTION / Literary,{'Spanish fiction -- 19th century'},FICTION,LITERARY,FICTION LITERARY
580,54228,EL BUEY SUELTO... CUADROS EDIFICANTES DE LA VIDA DE UN SOLTERÓN,"PEREDA, JOSÉ MARÍA DE",FICTION / Literary,"{'Bachelors -- Fiction', 'Spanish fiction -- 19th century'}",FICTION,LITERARY,FICTION LITERARY
581,55058,LA PUCHERA,"PEREDA, JOSÉ MARÍA DE",FICTION / Literary,{'Spanish fiction -- 19th century'},FICTION,LITERARY,FICTION LITERARY
582,63922,"DE TAL PALO, TAL ASTILLA","PEREDA, JOSÉ MARÍA DE",FICTION / Literary,{'Spanish fiction -- 19th century'},FICTION,LITERARY,FICTION LITERARY
583,65158,TIPOS TRASHUMANTES: CRÓQUIS Á PLUMA,"PEREDA, JOSÉ MARÍA DE",FICTION / Literary,{'Spanish literature -- 19th century'},FICTION,LITERARY,FICTION LITERARY
584,71369,TIPOS Y PAISAJES,"PEREDA, JOSÉ MARÍA DE",FICTION / Literary,"{'Short stories, Spanish', 'Spanish fiction -- 19th century'}",FICTION,LITERARY,FICTION LITERARY
585,71966,ESBOZOS Y RASGUÑOS,"PEREDA, JOSÉ MARÍA DE",FICTION / Literary,{'Spanish literature -- 19th century'},FICTION,LITERARY,FICTION LITERARY
586,72768,BOCETOS AL TEMPLE. TIPOS TRASHUMANTES : $B OBRAS COMPLETAS - VOL. VIII,"PEREDA, JOSÉ MARÍA DE",FICTION / Literary,{'Spanish fiction -- 19th century'},FICTION,LITERARY,FICTION LITERARY
587,74981,PEDRO SÁNCHEZ,"PEREDA, JOSÉ MARÍA DE",FICTION / Literary,{'Spain -- Social life and customs -- 19th century -- Fiction'},FICTION,LITERARY,FICTION LITERARY
588,75382,PACHÍN GONZÁLEZ,"PEREDA, JOSÉ MARÍA DE",FICTION / Literary,"{'Cabo Machichaco (Barco) -- Fiction', 'Historical fiction', 'Spanish fiction -- 19th century', 'Santander (Spain) -- History -- 19th century -- Fiction'}",FICTION,LITERARY,FICTION LITERARY
589,14318,BELARMINO Y APOLONIO,"PÉREZ DE AYALA, RAMÓN",FICTION / Literary,"{'Shoemakers -- Fiction', 'Spain -- Fiction'}",FICTION,LITERARY,FICTION LITERARY
590,49417,"LAS MÁSCARAS, VOL. 1/2","PÉREZ DE AYALA, RAMÓN",FICTION / Literary,{'Drama -- History and criticism'},FICTION,LITERARY,FICTION LITERARY
591,49418,"LAS MÁSCARAS, VOL. 2/2","PÉREZ DE AYALA, RAMÓN",FICTION / Literary,{'Drama -- History and criticism'},FICTION,LITERARY,FICTION LITERARY
592,57225,A.M.D.G.,"PÉREZ DE AYALA, RAMÓN",FICTION / Literary,{'Jesuits -- Fiction'},FICTION,LITERARY,FICTION LITERARY
593,59925,LA PATA DE LA RAPOSA (NOVELA),"PÉREZ DE AYALA, RAMÓN",FICTION / Literary,{'Spanish fiction -- 20th century'},FICTION,LITERARY,FICTION LITERARY
594,64439,TROTERAS Y DANZADERAS: NOVELA,"PÉREZ DE AYALA, RAMÓN",FICTION / Literary,{'Spanish fiction -- 20th century'},FICTION,LITERARY,FICTION LITERARY
595,67631,GUERRAS CIVILES DE GRANADA: TOMO I,"PÉREZ DE HITA, GINÉS",FICTION / Historical,{'Granada (Spain : Reino) -- History -- Fiction'},FICTION,HISTORICAL,FICTION HISTORICAL
596,16372,FORTUNA,"PÉREZ ESCRICH, ENRIQUE",FICTION / Literary,{'Dogs -- Fiction'},FICTION,LITERARY,FICTION LITERARY
597,11070,LA FONTANA DE ORO,"PÉREZ GALDÓS, BENITO",FICTION / Historical,"{'Historical fiction', 'Spain -- History -- Revolution, 1820-1823 -- Fiction', 'War stories', 'Spain -- History -- Ferdinand VII, 1813-1833 -- Fiction'}",FICTION,HISTORICAL,FICTION HISTORICAL
598,14311,BAILÉN,"PÉREZ GALDÓS, BENITO",FICTION / Historical,"{'Bailén, Battle of, Bailén, Spain, 1808 -- Fiction'}",FICTION,HISTORICAL,FICTION HISTORICAL
599,15206,TORQUEMADA EN LA HOGUERA,"PÉREZ GALDÓS, BENITO",FICTION / Literary,{'Spanish fiction -- 19th century'},FICTION,LITERARY,FICTION LITERARY
600,16961,TRAFALGAR,"PÉREZ GALDÓS, BENITO",FICTION / Historical,"{'Trafalgar, Battle of, 1805 -- Fiction'}",FICTION,HISTORICAL,FICTION HISTORICAL
601,17013,FORTUNATA Y JACINTA: DOS HISTORIAS DE CASADAS,"PÉREZ GALDÓS, BENITO",FICTION / Literary,"{'Spain -- Social life and customs -- Fiction', 'Married women -- Fiction'}",FICTION,LITERARY,FICTION LITERARY
602,17340,MARIANELA,"PÉREZ GALDÓS, BENITO",FICTION / Literary,{'Spanish fiction'},FICTION,LITERARY,FICTION LITERARY
603,17443,UN FACCIOSO MÁS Y ALGUNOS FRAILES MENOS,"PÉREZ GALDÓS, BENITO",FICTION / Historical,{'Spain -- History -- 19th century -- Fiction'},FICTION,HISTORICAL,FICTION HISTORICAL
604,21831,MISERICORDIA,"PÉREZ GALDÓS, BENITO",FICTION / Literary,{'Spanish fiction'},FICTION,LITERARY,FICTION LITERARY
605,21906,CÁDIZ,"PÉREZ GALDÓS, BENITO",FICTION / Historical,"{'Cádiz (Spain) -- History -- Fiction', 'Spain. Cortes (1810-1813) -- Fiction', 'Spain -- History -- Napoleonic Conquest, 1808-1813 -- Fiction'}",FICTION,HISTORICAL,FICTION HISTORICAL
606,25956,LA DESHEREDADA,"PÉREZ GALDÓS, BENITO",FICTION / Literary,{'Madrid (Spain) -- Social life and customs -- Fiction'},FICTION,LITERARY,FICTION LITERARY
607,28002,ELECTRA,"PÉREZ GALDÓS, BENITO",DRAMA / European,{'Spanish drama'},DRAMA,EUROPEAN,DRAMA
608,31464,LA DE BRINGAS,"PÉREZ GALDÓS, BENITO",FICTION / Literary,"{'Women -- Spain -- Fiction', 'Spain -- Social life and customs -- 19th century -- Fiction', 'Spanish fiction'}",FICTION,LITERARY,FICTION LITERARY
609,31465,TORMENTO,"PÉREZ GALDÓS, BENITO",FICTION / Literary,"{'Spain -- Social life and customs -- 19th century -- Fiction', 'Orphans -- Fiction', 'Madrid (Spain) -- Fiction'}",FICTION,LITERARY,FICTION LITERARY
610,48091,"LA FAMILIA DE LEÓN ROCH, TOMO 1","PÉREZ GALDÓS, BENITO",FICTION / Literary,{'Spanish fiction'},FICTION,LITERARY,FICTION LITERARY
611,48092,"LA FAMILIA DE LEÓN ROCH, TOMO 2","PÉREZ GALDÓS, BENITO",FICTION / Literary,{'Spanish fiction'},FICTION,LITERARY,FICTION LITERARY
612,48093,"LA FAMILIA DE LEÓN ROCH, TOMOS 1 Y 2","PÉREZ GALDÓS, BENITO",FICTION / Literary,{'Spanish fiction'},FICTION,LITERARY,FICTION LITERARY
613,48944,GLORIA (PRIMERA PARTE),"PÉREZ GALDÓS, BENITO",FICTION / Literary,"{'Catholic Church -- Spain -- Clergy -- Fiction', 'Spain -- Fiction'}",FICTION,LITERARY,FICTION LITERARY
614,48945,GLORIA (SEGUNDA PARTE),"PÉREZ GALDÓS, BENITO",FICTION / Literary,"{'Catholic Church -- Spain -- Clergy -- Fiction', 'Spain -- Fiction'}",FICTION,LITERARY,FICTION LITERARY
615,48946,GLORIA (NOVELA COMPLETA),"PÉREZ GALDÓS, BENITO",FICTION / Literary,"{'Catholic Church -- Spain -- Clergy -- Fiction', 'Spain -- Fiction'}",FICTION,LITERARY,FICTION LITERARY
616,49433,ZARAGOZA,"PÉREZ GALDÓS, BENITO",FICTION / Historical,"{'Sieges -- Fiction', 'Historical fiction', 'Zaragoza (Spain) -- History -- Siege, 1808-1809 -- Fiction'}",FICTION,HISTORICAL,FICTION HISTORICAL
617,52392,MIAU,"PÉREZ GALDÓS, BENITO",FICTION / Literary,{'Spanish fiction -- 19th century'},FICTION,LITERARY,FICTION LITERARY
618,53355,LA NOVELA EN EL TRANVÍA,"PÉREZ GALDÓS, BENITO",FICTION / Short Stories (single author),"{'Spanish fiction', 'Madrid (Spain) -- Fiction'}",FICTION,SHORT STORIES (SINGLE AUTHOR),FICTION SHORT STORIES (SINGLE AUTHOR)
619,54423,REALIDAD: NOVELA EN CINCO JORNADAS,"PÉREZ GALDÓS, BENITO",FICTION / Literary,{'Spanish drama'},FICTION,LITERARY,FICTION LITERARY
620,54521,LA INCÓGNITA,"PÉREZ GALDÓS, BENITO",FICTION / Literary,"{'Epistolary fiction', 'Spanish fiction -- 19th century'}",FICTION,LITERARY,FICTION LITERARY
621,54861,TORQUEMADA EN LA CRUZ,"PÉREZ GALDÓS, BENITO",FICTION / Literary,{'Spanish fiction -- 19th century'},FICTION,LITERARY,FICTION LITERARY
622,55139,TORQUEMADA EN EL PURGATORIO,"PÉREZ GALDÓS, BENITO",FICTION / Literary,{'Spanish fiction -- 19th century'},FICTION,LITERARY,FICTION LITERARY
623,55563,EL AMIGO MANSO,"PÉREZ GALDÓS, BENITO",FICTION / Literary,{'Spanish fiction -- 19th century'},FICTION,LITERARY,FICTION LITERARY
624,55915,TORQUEMADA Y SAN PEDRO,"PÉREZ GALDÓS, BENITO",FICTION / Literary,{'Spanish fiction -- 19th century'},FICTION,LITERARY,FICTION LITERARY
625,57261,EL DOCTOR CENTENO (NOVELA COMPLETA),"PÉREZ GALDÓS, BENITO",FICTION / Literary,{'Spanish fiction -- 19th century'},FICTION,LITERARY,FICTION LITERARY
626,57263,EL DOCTOR CENTENO (TOMO I),"PÉREZ GALDÓS, BENITO",FICTION / Literary,{'Spanish fiction -- 19th century'},FICTION,LITERARY,FICTION LITERARY
627,57264,EL DOCTOR CENTENO (TOMO II),"PÉREZ GALDÓS, BENITO",FICTION / Literary,{'Spanish fiction -- 19th century'},FICTION,LITERARY,FICTION LITERARY
628,63412,LO PROHIBIDO (NOVELA COMPLETA),"PÉREZ GALDÓS, BENITO",FICTION / Literary,{'Spain -- Social life and customs -- Fiction'},FICTION,LITERARY,FICTION LITERARY
629,63413,LO PROHIBIDO (TOMO 1 DE 2),"PÉREZ GALDÓS, BENITO",FICTION / Literary,{'Spain -- Social life and customs -- Fiction'},FICTION,LITERARY,FICTION LITERARY
630,63414,LO PROHIBIDO (TOMO 2 DE 2),"PÉREZ GALDÓS, BENITO",FICTION / Literary,{'Spain -- Social life and customs -- Fiction'},FICTION,LITERARY,FICTION LITERARY
631,65333,HALMA,"PÉREZ GALDÓS, BENITO",FICTION / Literary,"{'Christian communities -- Fiction', 'Priests -- Fiction', 'Spanish fiction -- 19th century'}",FICTION,LITERARY,FICTION LITERARY
632,66488,EL ABUELO (NOVELA EN CINCO JORNADAS),"PÉREZ GALDÓS, BENITO",FICTION / Literary,"{'Domestic fiction', 'Illegitimate children -- Fiction', 'Inheritance and succession -- Fiction', 'Sisters -- Fiction', 'Family secrets -- Fiction', 'Grandfathers -- Fiction'}",FICTION,LITERARY,FICTION LITERARY
633,66979,TRISTANA,"PÉREZ GALDÓS, BENITO",FICTION / Literary,"{'Women -- Spain -- Social conditions -- 19th century -- Fiction', 'Spanish fiction -- 19th century', 'Madrid (Spain) -- Fiction'}",FICTION,LITERARY,FICTION LITERARY
634,67126,EL CABALLERO ENCANTADO (CUENTO REAL... INVEROSÍ­MIL),"PÉREZ GALDÓS, BENITO",FICTION / Literary,{'Spanish fiction -- 20th century'},FICTION,LITERARY,FICTION LITERARY
635,67155,LA CORTE DE CARLOS IV,"PÉREZ GALDÓS, BENITO",FICTION / Historical,"{'Spain -- History -- Charles IV, 1788-1808 -- Fiction'}",FICTION,HISTORICAL,FICTION HISTORICAL
636,67189,EL 19 DE MARZO Y EL 2 DE MAYO,"PÉREZ GALDÓS, BENITO",FICTION / Historical,"{'Spain -- History -- Napoleonic Conquest, 1808-1813 -- Fiction'}",FICTION,HISTORICAL,FICTION HISTORICAL
637,67360,NAPOLEÓN EN CHAMARTÍN,"PÉREZ GALDÓS, BENITO",FICTION / Historical,"{'Napoleon I, Emperor of the French, 1769-1821 -- Fiction', 'Madrid (Spain) -- History -- Fiction', 'Spain -- History -- Napoleonic Conquest, 1808-1813 -- Fiction'}",FICTION,HISTORICAL,FICTION HISTORICAL
638,67415,GERONA,"PÉREZ GALDÓS, BENITO",FICTION / Historical,"{'Gerona (Spain) -- History -- Siege, 1808-1809 -- Fiction', 'Spain -- History -- Napoleonic Conquest, 1808-1813 -- Fiction'}",FICTION,HISTORICAL,FICTION HISTORICAL
639,67705,JUAN MARTÍN EL EMPECINADO,"PÉREZ GALDÓS, BENITO",FICTION / Historical,"{'Martín, Juan, 1775-1825 -- Fiction'}",FICTION,HISTORICAL,FICTION HISTORICAL
640,67817,LA BATALLA DE LOS ARAPILES,"PÉREZ GALDÓS, BENITO",FICTION / Historical,"{'Salamanca, Battle of, Salamanca, Spain, 1812 -- Fiction', 'Spain -- History -- Napoleonic Conquest, 1808-1813 -- Fiction'}",FICTION,HISTORICAL,FICTION HISTORICAL
641,69578,EL EQUIPAJE DEL REY JOSÉ,"PÉREZ GALDÓS, BENITO",FICTION / Historical,"{'Spain -- History -- Napoleonic Conquest, 1808-1813 -- Fiction'}",FICTION,HISTORICAL,FICTION HISTORICAL
642,70868,MEMORIAS DE UN CORTESANO DE 1815,"PÉREZ GALDÓS, BENITO",FICTION / Historical,"{'Spain -- History -- Ferdinand VII, 1813-1833 -- Fiction'}",FICTION,HISTORICAL,FICTION HISTORICAL
643,71055,LA SEGUNDA CASACA,"PÉREZ GALDÓS, BENITO",FICTION / Historical,"{'Spain -- History -- Ferdinand VII, 1813-1833 -- Fiction'}",FICTION,HISTORICAL,FICTION HISTORICAL
644,71250,EL GRANDE ORIENTE,"PÉREZ GALDÓS, BENITO",FICTION / Historical,{'Freemasons. Grande Oriente Español -- Fiction'},FICTION,HISTORICAL,FICTION HISTORICAL
645,71413,7 DE JULIO,"PÉREZ GALDÓS, BENITO",FICTION / Historical,"{'Spain -- History -- Ferdinand VII, 1813-1833 -- Fiction'}",FICTION,HISTORICAL,FICTION HISTORICAL
646,71614,LOS CIEN MIL HIJOS DE SAN LUIS,"PÉREZ GALDÓS, BENITO",FICTION / Historical,"{'Spain -- History -- Ferdinand VII, 1813-1833 -- Fiction'}",FICTION,HISTORICAL,FICTION HISTORICAL
647,71861,EL TERROR DE 1824,"PÉREZ GALDÓS, BENITO",FICTION / Historical,"{'Spain -- History -- Ferdinand VII, 1813-1833 -- Fiction'}",FICTION,HISTORICAL,FICTION HISTORICAL
648,72090,UN VOLUNTARIO REALISTA,"PÉREZ GALDÓS, BENITO",FICTION / Historical,"{'Historical fiction', 'Spain -- History -- Ferdinand VII, 1813-1833 -- Fiction'}",FICTION,HISTORICAL,FICTION HISTORICAL
649,72373,LOS APOSTÓLICOS,"PÉREZ GALDÓS, BENITO",FICTION / Historical,"{'Spain -- History -- Ferdinand VII, 1813-1833 -- Fiction'}",FICTION,HISTORICAL,FICTION HISTORICAL
650,73322,NAZARÍN,"PÉREZ GALDÓS, BENITO",FICTION / Literary,"{'Christian fiction', 'Priests -- Fiction', 'Madrid (Spain) -- Fiction', 'Picaresque literature'}",FICTION,LITERARY,FICTION LITERARY
651,74881,ZUMALACÁRREGUI,"PÉREZ GALDÓS, BENITO",FICTION / Historical,"{'Spain -- History -- Carlist War, 1833-1840 -- Fiction', 'Zumalacárregui, Tomás, 1788-1835 -- Fiction'}",FICTION,HISTORICAL,FICTION HISTORICAL
652,75614,MENDIZÁBAL,"PÉREZ GALDÓS, BENITO",FICTION / Historical,"{'Spain -- History -- Isabella II, 1833-1868 -- Fiction', 'Alvarez y Mendizábal, Juan, 1790-1853 -- Fiction'}",FICTION,HISTORICAL,FICTION HISTORICAL
653,59879,AMÉRICO VESPUCIO,"PÉREZ GOMAR, G. (GREGORIO)",BIOGRAPHY & AUTOBIOGRAPHY / Historical,"{'Vespucci, Amerigo, 1451-1512'}",BIOGRAPHY & AUTOBIOGRAPHY,HISTORICAL,BIOGRAPHY & AUTOBIOGRAPHY
654,40595,"COCINA CÓMICA: RECETAS DE GUISOS Y POSTRES, POESÍAS CULINARIAS, Y OTROS EXCESOS","PÉREZ ZÚÑIGA, JUAN",COOKING / Regional & Ethnic,{'Cooking -- Humor'},COOKING,REGIONAL & ETHNIC,OTHERS
655,48857,FIGURAS AMERICANAS: GALERÍA DE HOMBRES ILLUSTRES,"PÉREZ, MIGUEL AGUSTIN",BIOGRAPHY & AUTOBIOGRAPHY / Historical,{'America -- Biography'},BIOGRAPHY & AUTOBIOGRAPHY,HISTORICAL,BIOGRAPHY & AUTOBIOGRAPHY
656,69058,LA RAZA: DESCUBRIDORES,"PEREZ, MODESTO",HISTORY / Expeditions & Discoveries,"{'Pinzón, Martín Alonso, 1440?-1493', 'Legazpi, Miguel López de, 1510?-1572', 'Magalhães, Fernão de, -1521'}",HISTORY,EXPEDITIONS & DISCOVERIES,HISTORY
657,13492,VIAJES POR EUROPA Y AMÉRICA,"PETANO Y MAZARIEGOS, GORGONIO",TRAVEL / Essays & Travelogues,"{'Europe -- Description and travel', 'South America -- Description and travel'}",TRAVEL,ESSAYS & TRAVELOGUES,TRAVEL
658,12435,PAGINAS SUDAMERICANAS,"PHIPPS, HELEN",TRAVEL / South America,{'Spanish language -- Readers'},TRAVEL,SOUTH AMERICA,TRAVEL
659,26506,LÁZARO: CASI NOVELA,"PICÓN, JACINTO OCTAVIO",FICTION / Literary,{'Spanish fiction -- 19th century'},FICTION,LITERARY,FICTION LITERARY
660,26929,CUENTOS DE MI TIEMPO,"PICÓN, JACINTO OCTAVIO",FICTION / Short Stories,{'Spanish fiction -- 19th century'},FICTION,SHORT STORIES,FICTION OTHERS
661,27064,DULCE Y SABROSA,"PICÓN, JACINTO OCTAVIO",FICTION / Literary,"{'Actresses -- Fiction', 'Seduction -- Fiction', 'Spanish fiction -- 19th century', 'Madrid (Spain) -- Fiction'}",FICTION,LITERARY,FICTION LITERARY
662,28212,LA VISTOSA,"PICÓN, JACINTO OCTAVIO",FICTION / Literary,"{'Short stories, Spanish', 'Spanish fiction'}",FICTION,LITERARY,FICTION LITERARY
663,29137,EL ENEMIGO,"PICÓN, JACINTO OCTAVIO",FICTION / Literary,{'Spanish fiction -- 19th century'},FICTION,LITERARY,FICTION LITERARY
664,29663,"TRES MUJERES: LA RECOMPENSA, PRUEBA DE UN ALMA, AMORES ROMÁNTICOS","PICÓN, JACINTO OCTAVIO",FICTION / Short Stories,{'Spanish fiction'},FICTION,SHORT STORIES,FICTION OTHERS
665,30280,VIDA Y OBRAS DE DON DIEGO VELÁZQUEZ,"PICÓN, JACINTO OCTAVIO","BIOGRAPHY & AUTOBIOGRAPHY / Artists, Architects, Photographers","{'Velázquez, Diego, 1599-1660'}",BIOGRAPHY & AUTOBIOGRAPHY,"ARTISTS, ARCHITECTS, PHOTOGRAPHERS",BIOGRAPHY & AUTOBIOGRAPHY
666,44918,HOMBRES Y GLORIAS DE AMÉRICA,"PIÑEYRO, ENRIQUE","HISTORY / Americas (North, Central, South, West Indies)","{""Anghiera, Pietro Martire d', 1457-1526"", 'Bello, Andrés, 1781-1865', 'Motley, John Lothrop, 1814-1877', 'Mitre, Bartolomé, 1821-1906. Historia de San Martín y de la emancipación sudamericana', 'Lincoln, Abraham, 1809-1865', 'Heredia, José María, 1803-1839', 'Vera y Figueroa, Juan Antonio de, conde de la Roca, 1588-1658. Centón epistolario', 'Luz y Caballero, José de la, 1800-1862', 'United States -- Politics and government -- 1861-1865'}",HISTORY,"AMERICAS (NORTH, CENTRAL, SOUTH, WEST INDIES)",HISTORY
667,12840,LOGICA,"PIQUER, ANDRES",PHILOSOPHY / Logic,"{'Logic', 'Knowledge, Theory of'}",PHILOSOPHY,LOGIC,PHILOSOPHY
668,25807,POEMAS,"POE, EDGAR ALLAN",POETRY / American,{'American poetry -- Translations into Spanish'},POETRY,AMERICAN,POETRY
669,46196,"CUENTOS CLÁSICOS DEL NORTE, PRIMERA SERIE","POE, EDGAR ALLAN",FICTION / Short Stories,"{'Poe, Edgar Allan, 1809-1849 -- Translations into Spanish', 'American literature -- Translations into Spanish', 'Horror tales, American -- Translations into Spanish'}",FICTION,SHORT STORIES,FICTION OTHERS
670,27695,LA CUERDA DEL AHORCADO: ÚLTIMAS AVENTURAS DE ROCAMBOLE: I EL LOCO DE BEDLAM,PONSON DU TERRAIL,FICTION / Action & Adventure,{'Fiction'},FICTION,ACTION & ADVENTURE,FICTION OTHERS
671,46265,"MARÍA LUISA, LEYENDA HISTÓRICA","PORTILLO, ANDRÉS",FICTION / Historical,{'Historical fiction'},FICTION,HISTORICAL,FICTION HISTORICAL
672,49354,"VIAJE A LOS ESTADOS UNIDOS, TOMO I","PRIETO, GUILLERMO",TRAVEL / United States,{'United States -- Description and travel'},TRAVEL,UNITED STATES,TRAVEL
673,56519,"VIAJE A LOS ESTADOS UNIDOS, TOMO II","PRIETO, GUILLERMO",TRAVEL / United States,{'United States -- Description and travel'},TRAVEL,UNITED STATES,TRAVEL
674,58910,"VIAJE A LOS ESTADOS UNIDOS, TOMO III","PRIETO, GUILLERMO",TRAVEL / United States,{'United States -- Description and travel'},TRAVEL,UNITED STATES,TRAVEL
675,56219,I. ORIGEN DE LOS INDIOS DE AMÉRICA. II. ORIGEN Y CIVILIZACIONES DE LOS INDÍGENAS DEL PERÚ.,"PRINCE, CARLOS",HISTORY / Indigenous Peoples of the Americas,"{'Indians -- Origin', 'Indians of South America -- Peru', 'Peru -- Antiquities'}",HISTORY,INDIGENOUS PEOPLES OF THE AMERICAS,HISTORY
676,48651,"VIAJE A AMERICA, TOMO 1 DE 2: ESTADOS UNIDOS, EXPOSICIÓN UNIVERSAL DE CHICAGO, MÉXICO, CUBA Y PUERTO RICO","PUIG Y VALLS, RAFAEL",TRAVEL / Essays & Travelogues,"{'Mexico -- Description and travel', 'Cuba -- Description and travel', 'United States -- Description and travel', ""World's Columbian Exposition (1893 : Chicago, Ill.)""}",TRAVEL,ESSAYS & TRAVELOGUES,TRAVEL
677,48652,"VIAJE A AMERICA, TOMO 2 DE 2: ESTADOS UNIDOS, EXPOSICIÓN UNIVERSAL DE CHICAGO, MÉXICO, CUBA Y PUERTO RICO","PUIG Y VALLS, RAFAEL",TRAVEL / Essays & Travelogues,"{'Mexico -- Description and travel', 'Cuba -- Description and travel', 'United States -- Description and travel', ""World's Columbian Exposition (1893 : Chicago, Ill.)""}",TRAVEL,ESSAYS & TRAVELOGUES,TRAVEL
678,61339,"CLAROS VARONES DE CASTILLA, Y LETRAS","PULGAR, FERNANDO DEL",BIOGRAPHY & AUTOBIOGRAPHY / Literary Figures,"{'Nobility -- Spain -- Biography -- Early works to 1800', 'Spain -- History -- 711-1516 -- Biography'}",BIOGRAPHY & AUTOBIOGRAPHY,LITERARY FIGURES,BIOGRAPHY & AUTOBIOGRAPHY
679,18228,EL MANDARÍN,"QUEIRÓS, EÇA DE",FICTION / Literary,{'Fiction'},FICTION,LITERARY,FICTION LITERARY
680,66626,ADÁN Y EVA EN EL PARAÍSO,"QUEIRÓS, EÇA DE",FICTION / Literary,"{'Short stories, Portuguese -- Translations into Spanish', 'Eve (Biblical figure) -- Fiction', 'Adam (Biblical figure) -- Fiction'}",FICTION,LITERARY,FICTION LITERARY
681,32315,"HISTORIA DE LA VIDA DEL BUSCÓN, LLAMADO DON PABLOS, EJEMPLO DE VAGABUNDOS Y ESPEJO DE TACAÑOS","QUEVEDO, FRANCISCO DE",FICTION / Satire,"{'Picaresque literature, Spanish', 'Spanish fiction -- Classical period, 1500-1700'}",FICTION,SATIRE,FICTION SATIRE
682,65999,"LOS SUEÑOS, VOLUME I","QUEVEDO, FRANCISCO DE",FICTION / Satire,"{'Satire, Spanish', 'Spanish literature -- Classical period, 1500-1700'}",FICTION,SATIRE,FICTION SATIRE
683,66262,"LOS SUEÑOS, VOLUME II","QUEVEDO, FRANCISCO DE",FICTION / Satire,"{'Satire, Spanish', 'Spanish literature -- Classical period, 1500-1700'}",FICTION,SATIRE,FICTION SATIRE
684,54064,LA CRUZ EN AMÉRICA (ARQUEOLOGÍA ARGENTINA),"QUIROGA, ADÁN",SOCIAL SCIENCE / Archaeology,"{'Indians -- Religion', 'Crosses -- America', 'Diaguita Indians', 'America -- Antiquities', 'Indian mythology', 'Indian art'}",SOCIAL SCIENCE,ARCHAEOLOGY,SOCIAL SCIENCE
685,13507,CUENTOS DE AMOR DE LOCURA Y DE MUERTE,"QUIROGA, HORACIO",FICTION / Short Stories,"{'Short stories, Uruguayan', 'Uruguayan fiction'}",FICTION,SHORT STORIES,FICTION OTHERS
686,20852,"DESCRIPCION DEL RIO PARAGUAY, DESDE LA BOCA DEL XAURU HASTA LA CONFLUENCIA DEL PARANA","QUIROGA, JOSÉ",HISTORY / Latin America,{'Paraguay River'},HISTORY,LATIN AMERICA,HISTORY
687,58331,RECUERDOS DE MI VIDA (TOMO 1 DE 2),"RAMÓN Y CAJAL, SANTIAGO",BIOGRAPHY & AUTOBIOGRAPHY / Science & Technology,"{'Ramón y Cajal, Santiago, 1852-1934', 'Anatomists -- Spain -- Biography'}",BIOGRAPHY & AUTOBIOGRAPHY,SCIENCE & TECHNOLOGY,BIOGRAPHY & AUTOBIOGRAPHY
688,60675,RECUERDOS DE MI VIDA (TOMO 2 DE 2),"RAMÓN Y CAJAL, SANTIAGO",BIOGRAPHY & AUTOBIOGRAPHY / Science & Technology,"{'Ramón y Cajal, Santiago, 1852-1934', 'Anatomists -- Spain -- Biography'}",BIOGRAPHY & AUTOBIOGRAPHY,SCIENCE & TECHNOLOGY,BIOGRAPHY & AUTOBIOGRAPHY
689,66373,REGLAS Y CONSEJOS SOBRE INVESTIGACIÓN CIENTÍFICA: (LOS TÓNICOS DE LA VOLUNTAD),"RAMÓN Y CAJAL, SANTIAGO",SCIENCE / Study & Teaching,"{'Scientists', 'Research'}",SCIENCE,STUDY & TEACHING,OTHERS
690,11598,LA MONTAÑA,"RECLUS, ELISÉE",SCIENCE / Earth Sciences,{'Mountains'},SCIENCE,EARTH SCIENCES,OTHERS
691,11663,EL ARROYO,"RECLUS, ELISÉE",SCIENCE / Earth Sciences ,{'Rivers'},SCIENCE,EARTH SCIENCES,OTHERS
692,65165,VIDA DE JESÚS,"RENAN, ERNEST",RELIGION / Biblical Biography,"{'Jesus Christ -- Biography', 'Christian biography -- Palestine'}",RELIGION,BIBLICAL BIOGRAPHY,RELIGION
693,65410,LOS APÓSTOLES,"RENAN, ERNEST",RELIGION / Biblical Biography,{'Apostles'},RELIGION,BIBLICAL BIOGRAPHY,RELIGION
694,57550,EL FOLK-LORE FILIPINO (TOMO I),"REYES Y FLORENTINO, ISABELO DE LOS",SOCIAL SCIENCE / Folklore & Mythology,"{'Folklore -- Philippines', 'Philippines -- Social life and customs'}",SOCIAL SCIENCE,FOLKLORE & MYTHOLOGY,SOCIAL SCIENCE
695,54522,LA MUERTE DEL CISNE,"REYLES, CARLOS",FICTION / Literary,{'Essays'},FICTION,LITERARY,FICTION LITERARY
696,49560,"MONJA Y CASADA, VÍRGEN Y MÁRTIR","RIVA PALACIO, VICENTE",FICTION / Historical,"{'Mexico -- History -- Spanish colony, 1540-1810 -- Fiction'}",FICTION,HISTORICAL,FICTION HISTORICAL
697,52795,"EL LIBRO ROJO, 1520-1867, TOMO I","RIVA PALACIO, VICENTE",HISTORY / Latin America,"{'Mexico -- History', 'Executions and executioners'}",HISTORY,LATIN AMERICA,HISTORY
698,53405,"EL LIBRO ROJO, 1520-1867, TOMO II","RIVA PALACIO, VICENTE",HISTORY / Latin America,"{'Mexico -- History', 'Executions and executioners'}",HISTORY,LATIN AMERICA,HISTORY
699,56010,LAS TRANSFORMACIONES DE LA SOCIEDAD ARGENTINA Y SUS CONSECUENCIAS INSTITUCIONALES (1853 À 1910),"RIVAROLA, HORACIO CARLOS",HISTORY / Latin America,"{'Argentina -- Social conditions', 'Argentina -- Economic conditions'}",HISTORY,LATIN AMERICA,HISTORY
700,59492,"DON ÁLVARO, O, LA FUERZA DEL SINO","RIVAS, ANGEL DE SAAVEDRA, DUQUE DE",DRAMA / European,{'Spanish drama -- 19th century'},DRAMA,EUROPEAN,DRAMA
701,14795,JUNTO AL PASIG,"RIZAL, JOSÉ",DRAMA / Asian,{'Drama'},DRAMA,ASIAN,DRAMA
702,14796,EL CONSEJO DE LOS DIOSES,"RIZAL, JOSÉ",DRAMA / Asian,{'Fiction'},DRAMA,ASIAN,DRAMA
703,14839,FILIPINAS DENTRO DE CIEN AÑOS (ESTUDIO POLITICO-SOCIAL),"RIZAL, JOSÉ",POLITICAL SCIENCE / World,"{'Philippines -- Social conditions', 'Philippines -- Politics and government'}",POLITICAL SCIENCE,WORLD,POLITICAL SCIENCE
704,18600,MI ULTIMO ADIÓS,"RIZAL, JOSÉ",POETRY / Asian,{'Poetry'},POETRY,ASIAN,POETRY
705,20855,ESTATUTO DE LA L. F. (LIGA FILIPINA),"RIZAL, JOSÉ",POLITICAL SCIENCE / World,{'Liga Filipina'},POLITICAL SCIENCE,WORLD,POLITICAL SCIENCE
706,30903,EL FILIBUSTERISMO (CONTINUACIÓN DEL NOLI ME TÁNGERE),"RIZAL, JOSÉ",FICTION / Political,"{'Philippine fiction (Spanish)', 'Nationalists -- Philippines -- Fiction', 'Philippines -- History -- Fiction'}",FICTION,POLITICAL,FICTION OTHERS
707,47584,"NOLI ME TÁNGERE: NOVELA TAGALA, EDICIÓN COMPLETA CON NOTAS DE R. SEMPAU","RIZAL, JOSÉ",FICTION / Political,"{'Historical fiction', 'Philippines -- History -- 1812-1898 -- Fiction'}",FICTION,POLITICAL,FICTION OTHERS
708,22899,ARIEL,"RODÓ, JOSÉ ENRIQUE",PHILOSOPHY / Political,"{'Social ethics', 'Democracy'}",PHILOSOPHY,POLITICAL,PHILOSOPHY
709,1619,LA CELESTINA,"ROJAS, FERNANDO DE",FICTION / Classics,{'Spanish fiction'},FICTION,CLASSICS,FICTION CLASSICS
710,65815,VIDAS EJEMPLARES: BEETHOVEN—MIGUEL ÁNGEL—TOLSTOI,"ROLLAND, ROMAIN",BIOGRAPHY & AUTOBIOGRAPHY / Historical,"{'Tolstoy, Leo, graf, 1828-1910', 'Michelangelo Buonarroti, 1475-1564', 'Beethoven, Ludwig van, 1770-1827'}",BIOGRAPHY & AUTOBIOGRAPHY,HISTORICAL,BIOGRAPHY & AUTOBIOGRAPHY
711,11669,LA PUERTA DE BRONCE Y OTROS CUENTOS,"ROMERO DE TERREROS, MANUEL, MARQUÉS DE SAN FRANCISCO",FICTION / Short Stories,{'Short stories'},FICTION,SHORT STORIES,FICTION OTHERS
712,65988,AUSÍAS MARCH Y SU ÉPOCA,"RUBIÓ Y ORS, JOAQUÍN",LITERARY CRITICISM / European,"{'March, Ausiàs, 1397?-1459 -- Criticism and interpretation'}",LITERARY CRITICISM,EUROPEAN,LITERARY CRITICISM
713,42642,"COCINA DEL TIEMPO, Ó ARTE DE PREPARAR SABROSOS Y EXQUISITOS PLATOS PROPIOS DE CADA ESTACIÓN","RUIZ CONTRERAS, LUIS",COOKING / Regional & Ethnic,"{'Seasonal cooking', 'Cookbooks'}",COOKING,REGIONAL & ETHNIC,OTHERS
714,18580,LOS FAVORES DEL MUNDO,"RUIZ DE ALARCÓN, JUAN",DRAMA / European,{'Drama'},DRAMA,EUROPEAN,DRAMA
715,57590,LA VERDAD SOSPECHOSA,"RUIZ DE ALARCÓN, JUAN",DRAMA / European,"{'Spanish drama -- Classical period, 1500-1700'}",DRAMA,EUROPEAN,DRAMA
716,16625,CLÁSICOS CASTELLANOS: LIBRO DE BUEN AMOR,"RUIZ, JUAN",POETRY / European,{'Spanish poetry -- To 1500'},POETRY,EUROPEAN,POETRY
717,61874,ALMA VASCA,"SALAVERRÍA, JOSÉ MARÍA",FICTION / Literary,{'Basques'},FICTION,LITERARY,FICTION LITERARY
718,63525,"EL POEMA DE LA PAMPA: ""MARTÍN FIERRO"" Y EL CRIOLLISMO ESPAÑOL","SALAVERRÍA, JOSÉ MARÍA",LITERARY CRITICISM / Poetry,"{'Hernández, José, 1834-1886. Martín Fierro'}",LITERARY CRITICISM,POETRY,LITERARY CRITICISM
719,64418,PAISAJES ARGENTINOS,"SALAVERRÍA, JOSÉ MARÍA",TRAVEL / South America,{'Argentina -- Description and travel'},TRAVEL,SOUTH AMERICA,TRAVEL
720,65024,LOS CONQUISTADORES: EL ORIGEN HERÓICO DE AMÉRICA,"SALAVERRÍA, JOSÉ MARÍA",HISTORY / Expeditions & Discoveries,"{'America -- Discovery and exploration', 'Latin America -- History'}",HISTORY,EXPEDITIONS & DISCOVERIES,HISTORY
721,36546,"LOS PESCADORES DE ""TRÉPANG""","SALGARI, EMILIO",FICTION / Action & Adventure,"{'Oceania -- Fiction', 'Adventure stories'}",FICTION,ACTION & ADVENTURE,FICTION OTHERS
722,55206,FÁBULAS,"SAMANIEGO, FÉLIX MARÍA",POETRY / Subjects & Themes,"{'Spanish poetry', 'Fables, Spanish'}",POETRY,SUBJECTS & THEMES,POETRY
723,14329,"VIAJES DE UN COLOMBIANO EN EUROPA, PRIMERA SERIE","SAMPER, JOSÉ MARÍA",TRAVEL / Europe,{'Europe -- Description and travel'},TRAVEL,EUROPE,TRAVEL
724,15054,"VIAJES DE UN COLOMBIANO EN EUROPA, SEGUNDA SERIE","SAMPER, JOSÉ MARÍA",TRAVEL / Europe,{'Europe -- Description and travel'},TRAVEL,EUROPE,TRAVEL
725,43401,A FLOR DE PIEL: FRASES,"SÁNCHEZ GALARRAGA, GUSTAVO",LITERARY COLLECTIONS / Quotations,"{'Philosophy', 'Maxims'}",LITERARY COLLECTIONS,QUOTATIONS,LITERARY COLLECTIONS
726,71533,ESPAÑA Y AMÉRICA : $B ESTUDIOS HISTÓRICOS Y LITERARIOS,"SÁNCHEZ MOGUEL, ANTONIO","HISTORY / Americas (North, Central, South, West Indies)","{'Spanish literature', 'Latin America -- History', 'Columbus, Christopher, 1451-1506'}",HISTORY,"AMERICAS (NORTH, CENTRAL, SOUTH, WEST INDIES)",HISTORY
727,65937,QUE NADA SE SABE,"SÁNCHEZ, FRANCISCO",PHILOSOPHY / Epistemology,{'Skepticism -- Early works to 1800'},PHILOSOPHY,EPISTEMOLOGY,PHILOSOPHY
728,19847,DON FRANCISCO DE QUEVEDO: DRAMA EN CUATRO ACTOS,"SANZ, EULOGIO FLORENTINO",DRAMA / European,"{'Quevedo, Francisco de, 1580-1645 -- Drama'}",DRAMA,EUROPEAN,DRAMA
729,67354,LA TOSCA: DRAMA TRÁGICO EN CUATRO ACTOS DIVIDIDOS EN CINCO CUADROS,"SARDOU, VICTORIEN",DRAMA / European,"{'Tragedies (Drama)', 'French drama -- Translations into Spanish'}",DRAMA,EUROPEAN,DRAMA
730,33267,FACUNDO,"SARMIENTO, DOMINGO FAUSTINO",HISTORY / Latin America,"{'Argentina -- History -- 1817-1860', 'Quiroga, Juan Facundo, 1790-1835', 'Argentina -- Description and travel'}",HISTORY,LATIN AMERICA,HISTORY
731,61917,EDUCACIÓN COMÚN EN EL ESTADO DE BUENOS-AIRES,"SARMIENTO, DOMINGO FAUSTINO",EDUCATION / History,{'Agricultural education -- Argentina'},EDUCATION,HISTORY,OTHERS
732,67348,ESTADOS UNIDOS,"SARMIENTO, DOMINGO FAUSTINO",TRAVEL / United States,{'United States -- Description and travel'},TRAVEL,UNITED STATES,TRAVEL
733,44120,"LA CAZA DE LA PERDIZ CON ESCOPETA, AL VUELO Y CON PERRO DE MUESTRA","SAURÍ, MANUEL",Sports & Recreation / Hunting,{'Partridge shooting -- Spain'},SPORTS & RECREATION,HUNTING,OTHERS
734,25988,"HISTORIA DE LA LITERATURA Y DEL ARTE DRAMÁTICO EN ESPAÑA, TOMO II","SCHACK, ADOLF FRIEDRICH VON",Literary Criticism / European,{'Spanish drama -- History and criticism'},LITERARY CRITICISM,EUROPEAN,LITERARY CRITICISM
735,33690,"HISTORIA DE LA LITERATURA Y DEL ARTE DRAMÁTICO EN ESPAÑA, TOMO I","SCHACK, ADOLF FRIEDRICH VON",Literary Criticism / European,{'Spanish drama -- History and criticism'},LITERARY CRITICISM,EUROPEAN,LITERARY CRITICISM
736,36253,"HISTORIA DE LA LITERATURA Y DEL ARTE DRAMÁTICO EN ESPAÑA, TOMO III","SCHACK, ADOLF FRIEDRICH VON",Literary Criticism / European,{'Spanish drama -- History and criticism'},LITERARY CRITICISM,EUROPEAN,LITERARY CRITICISM
737,37067,"HISTORIA DE LA LITERATURA Y DEL ARTE DRAMÁTICO EN ESPAÑA, TOMO IV","SCHACK, ADOLF FRIEDRICH VON",Literary Criticism / European,{'Spanish drama -- History and criticism'},LITERARY CRITICISM,EUROPEAN,LITERARY CRITICISM
738,37095,"HISTORIA DE LA LITERATURA Y DEL ARTE DRAMÁTICO EN ESPAÑA, TOMO V","SCHACK, ADOLF FRIEDRICH VON",Literary Criticism / European,{'Spanish drama -- History and criticism'},LITERARY CRITICISM,EUROPEAN,LITERARY CRITICISM
739,20401,VIAGE AL RIO DE LA PLATA Y PARAGUAY,"SCHMIDEL, ULRICH",History / Latin America,"{'Indians of South America', 'Mendoza, Pedro de, 1487?-1537', 'America -- Discovery and exploration -- Spanish', 'Argentina -- History -- 1535-1617', 'Paraguay -- History -- To 1811', 'America -- Early accounts to 1600', 'Rio de la Plata (Argentina and Uruguay)'}",HISTORY,LATIN AMERICA,HISTORY
740,31707,CARLOS BROSCHI,"SCRIBE, EUGÈNE",Drama / European,{'French fiction -- Translations into Spanish'},DRAMA,EUROPEAN,DRAMA
741,53207,DRAMAS DE GUILLERMO SHAKSPEARE [VOL. 1],"SHAKESPEARE, WILLIAM",Drama / Shakespeare,"{'Shakespeare, William, 1564-1616 -- Translations into Spanish', 'English drama -- Translations into Spanish'}",DRAMA,SHAKESPEARE,DRAMA
742,56454,HAMLET: DRAMA EN CINCO ACTOS,"SHAKESPEARE, WILLIAM",Drama / Shakespeare,"{""Murder victims' families -- Drama"", 'Revenge -- Drama', 'Kings and rulers -- Succession -- Drama', 'Tragedies (Drama)', 'Hamlet (Legendary character) -- Drama', 'Princes -- Drama', 'Denmark -- Drama', 'Fathers -- Death -- Drama'}",DRAMA,SHAKESPEARE,DRAMA
743,59686,DRAMAS DE GUILLERMO SHAKSPEARE [VOL. 4],"SHAKESPEARE, WILLIAM",Drama / Shakespeare,"{'Shakespeare, William, 1564-1616 -- Translations into Spanish', 'English drama -- Translations into Spanish'}",DRAMA,SHAKESPEARE,DRAMA
744,47052,UN LIBRO PARA LAS DAMAS: ESTUDIOS ACERCA DE LA EDUCACIÓN DE LA MUJER,"SINUÉS DE MARCO, MARÍA DEL PILAR",Social Science / Women's Studies,"{'Family life education', 'Women -- Education'}",SOCIAL SCIENCE,WOMEN'S STUDIES,SOCIAL SCIENCE
745,70322,AMOR Y LLANTO : $B COLECCIÓN DE LEYENDAS HISTÓRICAS ORIGINALES,"SINUÉS DE MARCO, MARÍA DEL PILAR",Fiction / Historical,{'Spanish fiction -- 19th century'},FICTION,HISTORICAL,FICTION HISTORICAL
746,43493,LA EXPERIENCIA ABOLICIONISTA DE PUERTO RICO,SOCIEDAD ABOLICIONISTA ESPAÑOLA,History / Caribbean & West Indies,{'Antislavery movements -- Puerto Rico'},HISTORY,CARIBBEAN & WEST INDIES,HISTORY
747,67524,"HISTORIA DE LA CONQUISTA DE MEXICO, VOLUME 2 (OF 3): POBLACION Y PROGRESOS DE LA AMERICA SEPTENTRIONAL, CONOCIDA POR EL NOMBRE DE NUEVA ESPAÑA","SOLÍS, ANTONIO DE",History / Latin America,"{'Mexico -- History -- Conquest, 1519-1540'}",HISTORY,LATIN AMERICA,HISTORY
748,63509,EDIPO REY; EDIPO EN COLONA; ANTÍGONA,SOPHOCLES,Drama / Ancient & Classical,"{'Tragedies (Drama)', 'Oedipus (Greek mythological figure) -- Drama'}",DRAMA,ANCIENT & CLASSICAL,DRAMA
749,18784,ITINERARIO DE BUENOS AIRES A CORDOBA,"SOURRYÈRE DE SOUILLAC, JOSÉ",Travel / South America,"{'Buenos Aires (Argentina : Province) -- Description and travel', 'Argentina -- Discovery and exploration', 'Córdoba (Argentina : Province) -- Description and travel'}",TRAVEL,SOUTH AMERICA,TRAVEL
750,59189,"DESCRIPCION GEOGRAFICA DE UN NUEVO CAMINO DE LA GRAN CORDILLERA,: PARA FACILITAR LAS COMUNICACIONES DE BUENOS-AIRES CON CHILE","SOURRYÈRE DE SOUILLAC, JOSÉ",Travel / South America,"{'Cerro y Zamudio, José Santiago', 'Maule (Chile : Region)', 'Mendoza (Argentina : Province)', 'Argentina -- Discovery and exploration', 'Talca (Chile : Province)', 'Mountain passes -- Andes'}",TRAVEL,SOUTH AMERICA,TRAVEL
751,24208,"LA NAO SANTA MARÍA: MEMÓRIA DE LA COMISIÓN ARQUEOLÓGICA EJECUTIVA, 1892",SPAIN. COMISIÓN ARQUEOLÓGICA EJECUTIVA,History / Expeditions & Discoveries,"{'Santa María (Ship : Replica)', 'Sailing ships -- Spain', 'America -- Centennial celebrations, etc.', 'Columbus, Christopher, 1451-1506'}",HISTORY,EXPEDITIONS & DISCOVERIES,HISTORY
752,6528,SAGRADAS ESCRITURAS VERSION ANTIGUA,"STENDAL, RUSSELL",Bibles / Spanish,{'Bible'},BIBLES,SPANISH,OTHERS
753,45438,LA ISLA DEL TESORO,"STEVENSON, ROBERT LOUIS",Fiction / Action & Adventure,"{'Sea stories', 'Treasure troves -- Fiction', 'Treasure Island (Imaginary place) -- Fiction', 'Pirates -- Fiction'}",FICTION,ACTION & ADVENTURE,FICTION OTHERS
754,62627,EL CASO EXTRAÑO DEL DOCTOR JEKYLL,"STEVENSON, ROBERT LOUIS",Fiction / Horror,"{'Horror tales', 'Self-experimentation in medicine -- Fiction', 'Multiple personality -- Fiction', 'London (England) -- Fiction', 'Science fiction', 'Physicians -- Fiction', 'Psychological fiction'}",FICTION,HORROR,FICTION OTHERS
755,39446,EL DERECHO INTERNACIONAL AMERICANO; ESTUDIO DOCTRINAL Y CRÍTICO,"STOERK, FELIX",Law / International,"{'Spanish-American War, 1898', 'Monroe doctrine'}",LAW,INTERNATIONAL,OTHERS
756,26078,EL DESEO,"SUDERMANN, HERMANN",Fiction / Literary,"{'Suicide -- Fiction', 'Love stories, German', 'Sisters -- Fiction'}",FICTION,LITERARY,FICTION LITERARY
757,29511,EL MOLINO SILENCIOSO; LAS BODAS DE YOLANDA,"SUDERMANN, HERMANN",Fiction / Literary,{'German fiction -- Translations into Spanish'},FICTION,LITERARY,FICTION LITERARY
758,29770,PLICK Y PLOCK,"SUE, EUGÈNE",Fiction / Literary,{'French fiction -- Translations into Spanish'},FICTION,LITERARY,FICTION LITERARY
759,25320,PATERNIDAD,"THEURIET, ANDRÉ",Fiction / Literary,{'Fiction'},FICTION,LITERARY,FICTION LITERARY
760,66866,HISTORIA DE LA GUERRA DEL PELOPONESO (1 DE 2),THUCYDIDES,History / Ancient,"{'Greece -- History -- Peloponnesian War, 431-404 B.C.'}",HISTORY,ANCIENT,HISTORY
761,66867,HISTORIA DE LA GUERRA DEL PELOPONESO (2 DE 2),THUCYDIDES,History / Ancient,"{'Greece -- History -- Peloponnesian War, 431-404 B.C.'}",HISTORY,ANCIENT,HISTORY
762,68978,"HISTORIA DEL LEVANTAMIENTO, GUERRA Y REVOLUCIÓN DE ESPAÑA (1 DE 5)","TORENO, JOSÉ MARÍA QUEIPO DE LLANO RUIZ DE SARAVIA, CONDE DE",History / Europe,"{'Spain -- History -- Napoleonic Conquest, 1808-1813', 'Peninsular War, 1807-1814 -- Campaigns -- Spain'}",HISTORY,EUROPE,HISTORY
763,69159,"HISTORIA DEL LEVANTAMIENTO, GUERRA Y REVOLUCIÓN DE ESPAÑA (2 DE 5)","TORENO, JOSÉ MARÍA QUEIPO DE LLANO RUIZ DE SARAVIA, CONDE DE",History / Europe,"{'Spain -- History -- Napoleonic Conquest, 1808-1813', 'Peninsular War, 1807-1814 -- Campaigns -- Spain'}",HISTORY,EUROPE,HISTORY
764,69411,"HISTORIA DEL LEVANTAMIENTO, GUERRA Y REVOLUCIÓN DE ESPAÑA (3 DE 5)","TORENO, JOSÉ MARÍA QUEIPO DE LLANO RUIZ DE SARAVIA, CONDE DE",History / Europe,"{'Spain -- History -- Napoleonic Conquest, 1808-1813', 'Peninsular War, 1807-1814 -- Campaigns -- Spain'}",HISTORY,EUROPE,HISTORY
765,69660,"HISTORIA DEL LEVANTAMIENTO, GUERRA Y REVOLUCIÓN DE ESPAÑA (4 DE 5)","TORENO, JOSÉ MARÍA QUEIPO DE LLANO RUIZ DE SARAVIA, CONDE DE",History / Europe,"{'Spain -- History -- Napoleonic Conquest, 1808-1813', 'Peninsular War, 1807-1814 -- Campaigns -- Spain'}",HISTORY,EUROPE,HISTORY
766,70153,"HISTORIA DEL LEVANTAMIENTO, GUERRA Y REVOLUCIÓN DE ESPAÑA (5 DE 5)","TORENO, JOSÉ MARÍA QUEIPO DE LLANO RUIZ DE SARAVIA, CONDE DE",History / Europe,"{'Spain -- History -- Napoleonic Conquest, 1808-1813', 'Peninsular War, 1807-1814 -- Campaigns -- Spain'}",HISTORY,EUROPE,HISTORY
767,20029,"LAS FÁBULAS DE ESOPO, VOL. 02","TOWNSEND, GEORGE FYLER",Juvenile Fiction / Fables,"{'Fables, Greek -- Translations into Spanish'}",JUVENILE FICTION,FABLES,OTHERS
768,21143,"LAS FÁBULAS DE ESOPO, VOL. 01","TOWNSEND, GEORGE FYLER",Juvenile Fiction / Fables,"{'Fables, Greek -- Translations into Spanish'}",JUVENILE FICTION,FABLES,OTHERS
769,21144,"LAS FÁBULAS DE ESOPO, VOL. 03","TOWNSEND, GEORGE FYLER",Juvenile Fiction / Fables,"{'Fables, Greek -- Translations into Spanish'}",JUVENILE FICTION,FABLES,OTHERS
770,46000,CUENTOS INGENUOS,"TRIGO, FELIPE",Fiction / Short Stories,"{'Short stories, Spanish', 'Spanish fiction -- 20th century'}",FICTION,SHORT STORIES,FICTION OTHERS
771,47784,SÍ SÉ POR QUÉ: NOVELA,"TRIGO, FELIPE",Fiction / Romance,{'Spanish fiction -- 20th century'},FICTION,ROMANCE,FICTION ROMANCE
772,44358,LA TÍA TULA (NOVELA),"UNAMUNO, MIGUEL DE",FICTION / Literary,"{'Aunts -- Fiction', 'Single women -- Fiction', 'Spanish fiction -- 20th century'}",FICTION,LITERARY,FICTION LITERARY
773,44512,ABEL SÁNCHEZ: UNA HISTORIA DE PASIÓN,"UNAMUNO, MIGUEL DE",FICTION / Psychological,"{'Male friendship -- Fiction', 'Envy -- Fiction', 'Spanish fiction -- 20th century'}",FICTION,PSYCHOLOGICAL,FICTION OTHERS
774,49149,AMOR Y PEDAGOGÍA,"UNAMUNO, MIGUEL DE",FICTION / Satire,"{'Stream of consciousness fiction', 'Spanish fiction', 'Psychological fiction'}",FICTION,SATIRE,FICTION SATIRE
775,49836,NIEBLA (NIVOLA),"UNAMUNO, MIGUEL DE",FICTION / Literary,"{'Experimental fiction', 'Spanish fiction -- 20th century'}",FICTION,LITERARY,FICTION LITERARY
776,55916,TRES NOVELAS EJEMPLARES Y UN PRÓLOGO,"UNAMUNO, MIGUEL DE",FICTION / Literary,"{'Spain -- Social life and customs -- Fiction', 'Spanish fiction'}",FICTION,LITERARY,FICTION LITERARY
777,59852,DEL SENTIMIENTO TRÁGICO DE LA VIDA,"UNAMUNO, MIGUEL DE",PHILOSOPHY / Existentialism,"{'Faith and reason -- Christianity', 'Immortality -- Christianity', 'Tragic, The -- Religious aspects -- Christianity'}",PHILOSOPHY,EXISTENTIALISM,PHILOSOPHY
778,75472,VIDA DE DON QUIJOTE Y SANCHO,"UNAMUNO, MIGUEL DE",LITERARY CRITICISM / European,"{'Cervantes Saavedra, Miguel de, 1547-1616. Don Quixote'}",LITERARY CRITICISM,EUROPEAN,LITERARY CRITICISM
779,18723,PROYECTO DE TRASLACION DE LAS FRONTERAS DE BUENOS AIRES AL RIO NEGRO Y COLORADO,"UNDIANO Y GASTELU, SEBASTIAN",HISTORY / Latin America,"{'Cerro y Zamudio, José Santiago', 'Pampas (Argentina)', 'Argentina -- Discovery and exploration', 'Argentina -- Boundaries', 'Colorado River (Mendoza and Neuquén-Buenos Aires, Argentina)', 'Buenos Aires (Argentina : Province) -- Boundaries', 'Mountain passes -- Andes', 'Negro River (Río Negro, Argentina)'}",HISTORY,LATIN AMERICA,HISTORY
780,2367,LOS BOMBARDEOS ATOMICOS DE HIROSHIMA Y NAGASAKI,UNITED STATES. ARMY. CORPS OF ENGINEERS. MANHATTAN DISTRICT,HISTORY / Military,"{'Atomic bomb -- Physiological effect', 'Nagasaki-shi (Japan) -- History -- Bombardment, 1945', 'Hiroshima-shi (Japan) -- History -- Bombardment, 1945', 'Atomic bomb -- Blast effect'}",HISTORY,MILITARY,HISTORY
781,63378,EL CORAZÓN JUGLAR,"URBINA, LUIS G. (LUIS GONZAGA)",POETRY / General,{'Mexican poetry'},POETRY,GENERAL,POETRY
782,63587,ESTAMPAS DE VIAJE: ESPAÑA EN LOS DÍAS DE LA GUERRA,"URBINA, LUIS G. (LUIS GONZAGA)",TRAVEL / Europe,{'Spain -- Description and travel'},TRAVEL,EUROPE,TRAVEL
783,13210,EL COMENDADOR MENDOZA: OBRAS COMPLETAS TOMO VII,"VALERA, JUAN",FICTION / Literary,{'Atonement -- Fiction'},FICTION,LITERARY,FICTION LITERARY
784,16484,JUANITA LA LARGA,"VALERA, JUAN",FICTION / Romance,"{'Andalusia (Spain) -- Fiction', 'Spanish fiction -- 19th century'}",FICTION,ROMANCE,FICTION ROMANCE
785,17223,PEPITA JIMÉNEZ,"VALERA, JUAN",FICTION / Romance,"{'Man-woman relationships -- Fiction', 'Seminarians -- Fiction', 'Spain -- Social life and customs -- 19th century -- Fiction', 'Widows -- Fiction'}",FICTION,ROMANCE,FICTION ROMANCE
786,17317,GENIO Y FIGURA,"VALERA, JUAN",FICTION / Literary,"{'Women -- Spain -- Fiction', 'Historical fiction', 'Spaniards -- Travel -- Fiction'}",FICTION,LITERARY,FICTION LITERARY
787,17338,DOÑA LUZ,"VALERA, JUAN",FICTION / Literary,"{'Spain -- Social life and customs -- 19th century -- Fiction', 'Young women -- Spain -- Fiction'}",FICTION,LITERARY,FICTION LITERARY
788,17430,MORSAMOR: PEREGRINACIONES HEROICAS Y LANCES DE AMOR Y FORTUNA DE; MIGUEL DE ZUHEROS Y TIBURCIO DE SIMAHONDA,"VALERA, JUAN",FICTION / Adventure,{'Spanish fiction -- 19th century'},FICTION,ADVENTURE,FICTION OTHERS
789,22092,PASARSE DE LISTO,"VALERA, JUAN",FICTION / Short Stories (single author),{'Fiction'},FICTION,SHORT STORIES (SINGLE AUTHOR),FICTION SHORT STORIES (SINGLE AUTHOR)
790,27214,CUENTOS Y DIÁLOGOS,"VALERA, JUAN",FICTION / Short Stories (single author),"{'Spanish fiction', 'Spanish drama'}",FICTION,SHORT STORIES (SINGLE AUTHOR),FICTION SHORT STORIES (SINGLE AUTHOR)
791,30213,ALGO DE TODO,"VALERA, JUAN",FICTION / Anthologies (multiple authors),{'Essays'},FICTION,ANTHOLOGIES (MULTIPLE AUTHORS),FICTION OTHERS
792,30986,DE VARIOS COLORES,"VALERA, JUAN",FICTION / Literary,{'Spanish literature -- 19th century'},FICTION,LITERARY,FICTION LITERARY
793,31613,EL SUPERHOMBRE Y OTRAS NOVEDADES,"VALERA, JUAN",FICTION / Satire,{'Spanish literature'},FICTION,SATIRE,FICTION SATIRE
794,35882,A VUELA PLUMA: COLECCIÓN DE ARTÍCULOS LITERARIOS Y POLÍTICOS,"VALERA, JUAN",LITERARY COLLECTIONS / Essays,"{'Spanish literature', 'Spain -- Politics and government', 'Spain', 'Political science', 'Literature'}",LITERARY COLLECTIONS,ESSAYS,LITERARY COLLECTIONS
795,52093,"LAS ILUSIONES DEL DOCTOR FAUSTINO, V.1","VALERA, JUAN",FICTION / Literary,{'Spanish fiction -- 19th century'},FICTION,LITERARY,FICTION LITERARY
796,53330,DAFNIS Y CLOE; LEYENDAS DEL ANTIGUO ORIENTE (FRAGMENTOS),"VALERA, JUAN",FICTION / Historical,"{'Spanish literature', 'Daphnis (Greek mythology) -- Fiction'}",FICTION,HISTORICAL,FICTION HISTORICAL
797,53436,"LAS ILUSIONES DEL DOCTOR FAUSTINO, V.2","VALERA, JUAN",FICTION / Literary,{'Spanish fiction -- 19th century'},FICTION,LITERARY,FICTION LITERARY
798,62984,CARTAS AMERICANAS. PRIMERA SERIE,"VALERA, JUAN",LITERARY COLLECTIONS / Letters,"{'Spanish American literature -- History and criticism', 'Spanish literature -- History and criticism'}",LITERARY COLLECTIONS,LETTERS,LITERARY COLLECTIONS
799,63101,NUEVAS CARTAS AMERICANAS,"VALERA, JUAN",LITERARY COLLECTIONS / Letters,"{'South America -- Intellectual life', 'Spanish American literature -- History and criticism', 'Positivism'}",LITERARY COLLECTIONS,LETTERS,LITERARY COLLECTIONS
800,49359,"EL CAMPESINO PUERTORRIQUEÑO: SUS CONDICIONES FÍSICAS, INTELECTUALES Y MORALES, CAUSAS QUE LA DETERMINAN Y MEDIOS PARA MEJORARLAS","VALLE ATILES, FRANCISCO DEL",SOCIAL SCIENCE / Anthropology,"{'Puerto Rico -- Economic conditions', 'Ethnology -- Puerto Rico', 'Peasants -- Puerto Rico'}",SOCIAL SCIENCE,ANTHROPOLOGY,SOCIAL SCIENCE
801,10506,"ROMANCE DE LOBOS, COMEDIA BARBARA","VALLE-INCLÁN, RAMÓN DEL",DRAMA / European,{'Spanish drama'},DRAMA,EUROPEAN,DRAMA
802,42424,SONATA DE ESTÍO: MEMORIAS DEL MARQUÉS DE BRADOMÍN,"VALLE-INCLÁN, RAMÓN DEL",FICTION / Literary,{'Spanish fiction -- 20th century'},FICTION,LITERARY,FICTION LITERARY
803,42440,SONATA DE PRIMAVERA: MEMORIAS DEL MARQUÉS DE BRADOMÍN,"VALLE-INCLÁN, RAMÓN DEL",FICTION / Literary,"{'Man-woman relationships -- Fiction', 'Aristocracy (Social class) -- Fiction', 'Spanish fiction -- 20th century'}",FICTION,LITERARY,FICTION LITERARY
804,46182,SONATA DE OTOÑO; SONATA DE INVIERNO: MEMORIAS DEL MARQUÉS DE BRADOMÍN,"VALLE-INCLÁN, RAMÓN DEL",FICTION / Literary,{'Spanish fiction -- 20th century'},FICTION,LITERARY,FICTION LITERARY
805,55448,LA MEDIA NOCHE: VISIÓN ESTELAR DE UN MOMENTO DE GUERRA,"VALLE-INCLÁN, RAMÓN DEL",FICTION / War & Military,"{'World War, 1914-1918 -- Fiction'}",FICTION,WAR & MILITARY,FICTION OTHERS
806,58049,EL MARQUÉS DE BRADOMÍN: COLOQUIOS ROMÁNTICOS,"VALLE-INCLÁN, RAMÓN DEL",FICTION / Literary,{'Spanish drama'},FICTION,LITERARY,FICTION LITERARY
807,68154,TIRANO BANDERAS: NOVELA DE TIERRA CALIENTE,"VALLE-INCLÁN, RAMÓN DEL",FICTION / Political,"{'Imaginary revolutions -- Fiction', 'Imaginary societies -- Fiction', 'Dictators -- Fiction'}",FICTION,POLITICAL,FICTION OTHERS
808,68745,LUCES DE BOHEMIA: ESPERPENTO,"VALLE-INCLÁN, RAMÓN DEL",DRAMA / General,"{'Blind -- Drama', 'Spanish drama -- 20th century', 'Poverty -- Drama', 'Poets -- Drama'}",DRAMA,GENERAL,DRAMA
809,69951,DIVINAS PALABRAS : $B TRAGICOMEDIA DE ALDEA,"VALLE-INCLÁN, RAMÓN DEL",DRAMA / Tragedy,"{'Spanish drama -- 20th century', 'Tragicomedy'}",DRAMA,TRAGEDY,DRAMA
810,47346,"ESCRITOS POLÍTICOS, ECONÓMICOS Y LITERARIOS","VARELA, FLORENCIO",POLITICAL SCIENCE / Essays,"{'Argentina -- Politics and government -- 1817-1860', 'Argentina -- History -- 1817-1860', 'Argentine literature', 'Argentina -- Economic conditions'}",POLITICAL SCIENCE,ESSAYS,POLITICAL SCIENCE
811,53718,"REVISTA DE FILOSOFÍA, AÑO V - Nº 3 - MAY/1919: CULTURA—CIENCIAS—EDUCACIÓN",VARIOUS,PHILOSOPHY / General,"{'Spanish literature -- Periodicals', 'Humanities -- Periodicals'}",PHILOSOPHY,GENERAL,PHILOSOPHY
812,37382,LOS CURSOS,"VEBER, PIERRE",HUMOR / General,"{'One-act plays', 'Drama'}",HUMOR,GENERAL,OTHERS
813,26231,TRANSFUSIÓN,"VEDIA, ENRIQUE DE",FICTION / Literary,{'Spanish fiction -- 19th century'},FICTION,LITERARY,FICTION LITERARY
814,68131,OBRAS,"VEGA, GARCILASO DE LA",POETRY / European,"{'Spanish poetry -- Classical period, 1500-1700'}",POETRY,EUROPEAN,POETRY
815,23206,LA MOZA DE CÁNTARO,"VEGA, LOPE DE",DRAMA / European,{'Spanish drama'},DRAMA,EUROPEAN,DRAMA
816,28408,"COMEDIAS: EL REMEDIO EN LA DESDICHA; EL MEJOR ALCALDE, EL REY","VEGA, LOPE DE",DRAMA / Anthologies (multiple authors),{'Spanish drama'},DRAMA,ANTHOLOGIES (MULTIPLE AUTHORS),DRAMA
817,57035,COMEDIAS INÉDITAS,"VEGA, LOPE DE",DRAMA / European,"{'Spanish drama -- Classical period, 1500-1700'}",DRAMA,EUROPEAN,DRAMA
818,60198,FUENTE OVEJUNA,"VEGA, LOPE DE",DRAMA / European,"{'Fuenteovejuna (Spain) -- History -- Drama', 'Spanish drama -- Classical period, 1500-1700'}",DRAMA,EUROPEAN,DRAMA
819,12457,EL DIABLO COJUELO,"VÉLEZ DE GUEVARA, LUIS",FICTION / Satire,{'Devil -- Fiction'},FICTION,SATIRE,FICTION SATIRE
820,50526,"COMENTARIO DEL CORONEL FRANCISCO VERDUGO, DE LA GUERRA DE FRISIA,: EN XIV AÑOS QUE FUE GOBERNADOR Y CAPITAN GENERAL DE AQUEL ESTADO Y EJERCITO POR EL REY DON FELIPE II, NUESTRO SEÑOR","VERDUGO, FRANCISCO",HISTORY / Military,"{""Netherlands -- History -- Eighty Years' War, 1568-1648""}",HISTORY,MILITARY,HISTORY
821,41161,LA VIDA EN LOS CAMPOS: NOVELAS CORTAS,"VERGA, GIOVANNI",FICTION / Short Stories (single author),"{'Short stories, Italian -- Translations into Spanish', 'Italy -- Social life and customs -- Fiction'}",FICTION,SHORT STORIES (SINGLE AUTHOR),FICTION SHORT STORIES (SINGLE AUTHOR)
822,53798,RANCHOS (COSTUMBRES DEL CAMPO),"VIANA, JAVIER DE",FICTION / Cultural Heritage,"{'Short stories, Uruguayan', 'Uruguayan fiction'}",FICTION,CULTURAL HERITAGE,FICTION OTHERS
823,18798,"MEMORIA DIRIGIDA AL SR. MARQUEZ DE LORETO, VIREY Y CAPITAN GENERAL DE LAS PROVINCIAS DEL RIO DE LA PLATA","VIEDMA, FRANCISCO DE",HISTORY / Latin America,"{'Patagonia (Argentina and Chile) -- History', 'Argentina -- History -- 1776-1810'}",HISTORY,LATIN AMERICA,HISTORY
824,11302,"DIARIO DE LA NAVEGACION EMPREDIDA EN 1781: DESDE EL RIO NEGRO, PARA RECONOCER LA BAHIA DE TODOS LOS SANTOS, LAS ISLAS DEL BUEN SUCESO, Y EL DESAGUE DEL RIO COLORADO","VILLARINO, BASILIO",HISTORY / Expeditions & Discoveries,{'Argentina -- Discovery and exploration'},HISTORY,EXPEDITIONS & DISCOVERIES,HISTORY
825,62559,"DIARIO DEL PILOTO DE LA REAL ARMADA, D. BASILIO VILLARINO, DEL RECONOCIMIENTO, QUE HIZO DEL RÍO NEGRO, EN LA COSTA ORIENTAL DE PATAGONIA, EL AÑO DE 1782","VILLARINO, BASILIO",HISTORY / Expeditions & Discoveries,"{'Argentina -- Description and travel', 'Río Negro (Argentina) -- Description and travel'}",HISTORY,EXPEDITIONS & DISCOVERIES,HISTORY
826,61361,"JUICIO RAZONADO SOBRE LOS ACONTECIMIENTOS DE EUROPA, SITUACION DEL SUMO PONTÍFICE, Y TAMBIEN SOBRE LA VENTAJOSA POSICION EN QUE SE ENCUENTRA LA ESPAÑA, RESPECTO DEL RESTO DE EUROPA","VILLARRAGUT Y AQUIRIANO, ANTONIO",HISTORY / Europe,"{'Europe -- History -- 1848-1849', 'Spain -- Politics and government', 'Pius IX, Pope, 1792-1878'}",HISTORY,EUROPE,HISTORY
827,62475,ISLAS FILIPINAS - ADMINISTRACION DE JUSTICIA: MEMORIA DEDICADA Á LA EXPOSICION COLONIAL DE AMSTERDAM,"VILLARRAGUT Y ESTEVAN, CARLOS",HISTORY / Asia,"{'Philippines -- Politics and government -- 1521-1898', 'Justice, Administration of -- Philippines'}",HISTORY,ASIA,HISTORY
828,48940,LUCRECIA BORJA: ESTUDIO HISTÓRICO,"VILLA-URRUTIA, W. R. DE",HISTORY / Europe,"{'Italy -- History -- 1492-1559', 'Borgia, Lucrezia, 1480-1519'}",HISTORY,EUROPE,HISTORY
829,28281,CECILIA VALDÉS O LA LOMA DEL ÁNGEL,"VILLAVERDE, CIRILO",FICTION / Historical,{'Cuba -- Fiction'},FICTION,HISTORICAL,FICTION HISTORICAL
830,51465,"COMEDIA LLAMADA SELVAGIA, COMEDIA SERAFINA","VILLEGAS, ALONSO DE",DRAMA / European,"{'Spanish drama -- Classical period, 1500-1700'}",DRAMA,EUROPEAN,DRAMA
831,61508,ENEIDA; V.1 DE 2,VIRGIL,POETRY / Ancient & Classical,"{'Aeneas (Legendary character) -- Poetry', 'Epic poetry, Latin -- Translations into Spanish'}",POETRY,ANCIENT & CLASSICAL,POETRY
832,67197,ENEIDA; V. 2 DE 2,VIRGIL,POETRY / Ancient & Classical,"{'Aeneas (Legendary character) -- Poetry', 'Epic poetry, Latin -- Translations into Spanish'}",POETRY,ANCIENT & CLASSICAL,POETRY
833,5985,"ZADIG, Ó EL DESTINO, HISTORIA ORIENTAL",VOLTAIRE,FICTION / Literary,"{'French literature -- 18th century', 'Political fiction, French', 'Manners and customs -- Fiction'}",FICTION,LITERARY,FICTION LITERARY
834,7109,"CANDIDO, O EL OPTIMISMO",VOLTAIRE,FICTION / Satire,"{'Satire', 'Optimism -- Fiction'}",FICTION,SATIRE,FICTION SATIRE
835,9895,NOVELAS DE VOLTAIRE — TOMO PRIMERO,VOLTAIRE,FICTION / Literary,"{'French fiction -- Translations into Spanish', 'Voltaire, 1694-1778 -- Translations into Spanish'}",FICTION,LITERARY,FICTION LITERARY
836,59631,LA CASA DE LOS CUERVOS,"WAST, HUGO",FICTION / Literary,{'Santa Fe (Argentina : Province) -- History -- Fiction'},FICTION,LITERARY,FICTION LITERARY
837,24250,LECTURAS FÁCILES CON EJERCICIOS,"WILKINS, LAWRENCE A. (LAWRENCE AUGUSTUS)",FOREIGN LANGUAGE STUDY / Spanish,"{'Spanish language -- Readers', 'Spanish language -- Composition and exercises'}",FOREIGN LANGUAGE STUDY,SPANISH,OTHERS
838,66949,"LAS HELÉNICAS; Ó, HISTORIA GRIEGA DESDE EL AÑO 411 HASTA EL 362 ANTES DE JESUCRISTO",XENOPHON,HISTORY / Ancient,{'Greece -- History -- To 146 B.C.'},HISTORY,ANCIENT,HISTORY
839,24031,"EL TEATRO POR DENTRO: AUTORES, COMEDIANTES, ESCENAS DE LA VIDA DE BASTIDORES, ETC.","ZAMACOIS, EDUARDO",LITERARY COLLECTIONS / Essays,"{'Dramatists', 'Theater -- History', 'Actresses'}",LITERARY COLLECTIONS,ESSAYS,LITERARY COLLECTIONS
840,45171,MIS CONTEMPORANEOS; 1 VICENTE BLASCO IBÁÑEZ,"ZAMACOIS, EDUARDO",BIOGRAPHY & AUTOBIOGRAPHY / Literary Figures,"{'Blasco Ibáñez, Vicente, 1867-1928'}",BIOGRAPHY & AUTOBIOGRAPHY,LITERARY FIGURES,BIOGRAPHY & AUTOBIOGRAPHY
841,48302,LA ENFERMA: NOVELA,"ZAMACOIS, EDUARDO",FICTION / Literary,{'Spanish fiction'},FICTION,LITERARY,FICTION LITERARY
842,48654,INCESTO: NOVELA ORIGINAL,"ZAMACOIS, EDUARDO",FICTION / Family Life,{'Spanish fiction'},FICTION,FAMILY LIFE,FICTION OTHERS
843,48670,TEATRO GALANTE,"ZAMACOIS, EDUARDO",DRAMA / General,{'Spanish drama'},DRAMA,GENERAL,DRAMA
844,50757,LA CITA: NOVELAS,"ZAMACOIS, EDUARDO",FICTION / Romance,{'Spanish fiction'},FICTION,ROMANCE,FICTION ROMANCE
845,51721,DE CARNE Y HUESO; CUENTOS,"ZAMACOIS, EDUARDO",FICTION / Short Stories (single author),"{'Short stories, Spanish', 'Spanish fiction'}",FICTION,SHORT STORIES (SINGLE AUTHOR),FICTION SHORT STORIES (SINGLE AUTHOR)
846,53743,EL MISTERIO DE UN HOMBRE PEQUEÑITO: NOVELA,"ZAMACOIS, EDUARDO",FICTION / Literary,{'Spanish fiction'},FICTION,LITERARY,FICTION LITERARY
847,62840,MEMORIAS DE UN VAGÓN DE FERROCARRIL,"ZAMACOIS, EDUARDO",FICTION / Psychological,"{'Railroad stories', 'Spanish fiction -- 20th century'}",FICTION,PSYCHOLOGICAL,FICTION OTHERS
848,75004,LA OPINIÓN AJENA : $B (NOVELA),"ZAMACOIS, EDUARDO",FICTION / Literary,{'Spanish fiction -- 20th century'},FICTION,LITERARY,FICTION LITERARY
849,64465,NOVELAS EJEMPLARES Y AMOROSAS,"ZAYAS Y SOTOMAYOR, MARÍA DE",FICTION / Literary,"{'Spanish fiction -- Classical period, 1500-1700'}",FICTION,LITERARY,FICTION LITERARY
850,53294,RECUERDOS DEL TIEMPO VIEJO,"ZORRILLA, JOSÉ",BIOGRAPHY & AUTOBIOGRAPHY / Literary Figures,"{'Zorrilla, José, 1817-1893'}",BIOGRAPHY & AUTOBIOGRAPHY,LITERARY FIGURES,BIOGRAPHY & AUTOBIOGRAPHY
851,55480,"GRANADA, POEMA ORIENTAL, PRECEDIDO DE LA LEYENDA DE AL-HAMAR, TOMO 1","ZORRILLA, JOSÉ",POETRY / European,{'Granada (Spain) -- History -- Poetry'},POETRY,EUROPEAN,POETRY
852,58275,"GRANADA, POEMA ORIENTAL, PRECEDIDO DE LA LEYENDA DE AL-HAMAR, TOMO 2","ZORRILLA, JOSÉ",POETRY / European,{'Granada (Spain) -- History -- Poetry'},POETRY,EUROPEAN,POETRY
